-- MariaDB dump 10.17  Distrib 10.4.13-MariaDB, for Linux (x86_64)
--
-- Host: cedar-mysql-vm    Database: functor_timeslice_2
-- ------------------------------------------------------
-- Server version	10.11.5-MariaDB-log

/*!40101 SET @OLD_CHARACTER_SET_CLIENT=@@CHARACTER_SET_CLIENT */;
/*!40101 SET @OLD_CHARACTER_SET_RESULTS=@@CHARACTER_SET_RESULTS */;
/*!40101 SET @OLD_COLLATION_CONNECTION=@@COLLATION_CONNECTION */;
/*!40101 SET NAMES utf8mb4 */;
/*!40103 SET @OLD_TIME_ZONE=@@TIME_ZONE */;
/*!40103 SET TIME_ZONE='+00:00' */;
/*!40014 SET @OLD_UNIQUE_CHECKS=@@UNIQUE_CHECKS, UNIQUE_CHECKS=0 */;
/*!40014 SET @OLD_FOREIGN_KEY_CHECKS=@@FOREIGN_KEY_CHECKS, FOREIGN_KEY_CHECKS=0 */;
/*!40101 SET @OLD_SQL_MODE=@@SQL_MODE, SQL_MODE='NO_AUTO_VALUE_ON_ZERO' */;
/*!40111 SET @OLD_SQL_NOTES=@@SQL_NOTES, SQL_NOTES=0 */;


CREATE DATABASE  IF NOT EXISTS `functor_timeslice_2` /*!40100 DEFAULT CHARACTER SET latin1 */;
USE `functor_timeslice_2`;

--
-- Table structure for table `cars`
--

DROP TABLE IF EXISTS `cars`;
/*!40101 SET @saved_cs_client     = @@character_set_client */;
/*!40101 SET character_set_client = utf8 */;
CREATE TABLE `cars` (
  `car_id` int(11) NOT NULL,
  PRIMARY KEY (`car_id`)
) ENGINE=InnoDB DEFAULT CHARSET=utf8mb4 COLLATE=utf8mb4_general_ci;
/*!40101 SET character_set_client = @saved_cs_client */;

--
-- Dumping data for table `cars`
--

LOCK TABLES `cars` WRITE;
/*!40000 ALTER TABLE `cars` DISABLE KEYS */;
INSERT INTO `cars` VALUES (0),(1),(2),(3),(4),(5),(6),(7),(8),(9),(10),(11),(12),(13),(14),(15),(16),(17),(18),(19),(20),(21),(22),(23),(24),(25),(26),(27),(28),(29),(30),(31),(32),(33),(34),(35),(36),(37),(38),(39),(40),(41),(42),(43),(44),(45),(46),(47),(48),(49),(50),(51),(52),(53),(54),(55),(56),(57),(58),(59),(60),(61),(62),(63),(64),(65),(66),(67),(68),(69),(70),(71),(72),(73),(74),(75),(76),(77),(78),(79),(80),(81),(82),(83),(84),(85),(86),(87),(88),(89),(90),(91),(92),(93),(94),(95),(96),(97),(98),(99),(100),(101),(102),(103),(104),(105),(106),(107),(108),(109),(110),(111),(112),(113),(114);
/*!40000 ALTER TABLE `cars` ENABLE KEYS */;
UNLOCK TABLES;

--
-- Table structure for table `ego_cars`
--

DROP TABLE IF EXISTS `ego_cars`;
/*!40101 SET @saved_cs_client     = @@character_set_client */;
/*!40101 SET character_set_client = utf8 */;
CREATE TABLE `ego_cars` (
  `ego_id` int(11) NOT NULL,
  PRIMARY KEY (`ego_id`)
) ENGINE=InnoDB DEFAULT CHARSET=utf8mb4 COLLATE=utf8mb4_general_ci;
/*!40101 SET character_set_client = @saved_cs_client */;

--
-- Dumping data for table `ego_cars`
--

LOCK TABLES `ego_cars` WRITE;
/*!40000 ALTER TABLE `ego_cars` DISABLE KEYS */;
INSERT INTO `ego_cars` VALUES (0),(1),(2),(3),(4),(5),(6),(7),(8),(9);
/*!40000 ALTER TABLE `ego_cars` ENABLE KEYS */;
UNLOCK TABLES;

--
-- Table structure for table `ego_frame`
--

DROP TABLE IF EXISTS `ego_frame`;
/*!40101 SET @saved_cs_client     = @@character_set_client */;
/*!40101 SET character_set_client = utf8 */;
CREATE TABLE `ego_frame` (
  `f_id` varchar(100) NOT NULL,
  `ego_id` int(11) NOT NULL,
  `Speed` varchar(11) NOT NULL,
  PRIMARY KEY (`f_id`,`ego_id`),
  KEY `ego_id` (`ego_id`),
  CONSTRAINT `ego_frame_ibfk_1` FOREIGN KEY (`f_id`) REFERENCES `frames` (`f_id`),
  CONSTRAINT `ego_frame_ibfk_2` FOREIGN KEY (`ego_id`) REFERENCES `ego_cars` (`ego_id`)
) ENGINE=InnoDB DEFAULT CHARSET=utf8mb4 COLLATE=utf8mb4_general_ci;
/*!40101 SET character_set_client = @saved_cs_client */;

--
-- Dumping data for table `ego_frame`
--

LOCK TABLES `ego_frame` WRITE;
/*!40000 ALTER TABLE `ego_frame` DISABLE KEYS */;
INSERT INTO `ego_frame` VALUES ('17791604|6',6,'7'),('17791606|6',6,'7'),('17791607|6',6,'7'),('17791608|6',6,'7'),('17791609|6',6,'7'),('17791610|6',6,'7'),('17791611|6',6,'7'),('17791612|6',6,'7'),('17791613|6',6,'7'),('17791614|6',6,'7'),('17791615|6',6,'7'),('17791616|6',6,'7'),('17791617|6',6,'7'),('17791618|6',6,'7'),('17791619|6',6,'7'),('17791620|6',6,'7'),('17791621|6',6,'7'),('17791622|6',6,'7'),('17791623|6',6,'7'),('17791624|6',6,'7'),('17791625|6',6,'7'),('17791626|6',6,'7'),('17791627|6',6,'7'),('17791628|6',6,'7'),('17791629|6',6,'7'),('17791630|6',6,'7'),('17791631|6',6,'7'),('17791632|6',6,'7'),('17791633|6',6,'7'),('17791634|6',6,'6'),('17791635|6',6,'6'),('17791636|6',6,'6'),('17791637|6',6,'6'),('17791638|6',6,'6'),('17791639|6',6,'6'),('17791640|6',6,'6'),('17791641|6',6,'6'),('17791642|6',6,'6'),('17791643|6',6,'6'),('17791644|6',6,'6'),('17791645|6',6,'6'),('17791646|6',6,'6'),('17791647|6',6,'6'),('17791648|6',6,'6'),('17791649|6',6,'6'),('17791650|6',6,'6'),('17791651|6',6,'6'),('17791652|6',6,'6'),('17791653|6',6,'6'),('17791654|6',6,'6'),('17791655|6',6,'6'),('17791656|6',6,'6'),('17791657|6',6,'6'),('17791658|6',6,'6'),('17791659|6',6,'6'),('17791660|6',6,'6'),('17791661|6',6,'6'),('17791662|6',6,'6'),('17791663|6',6,'6'),('17791664|6',6,'6'),('17791665|6',6,'6'),('17791666|6',6,'6'),('17791667|6',6,'6'),('17791668|6',6,'6'),('17791669|6',6,'6'),('17791670|6',6,'6'),('17791671|6',6,'6'),('17791672|6',6,'6'),('17791673|6',6,'6'),('17791674|6',6,'6'),('17791675|6',6,'6'),('17791676|6',6,'6'),('17791677|6',6,'5'),('17791678|6',6,'5'),('17791679|6',6,'5'),('17791680|6',6,'5'),('17791681|6',6,'5'),('17791682|6',6,'5'),('17791683|6',6,'5'),('17791684|6',6,'5'),('17791685|6',6,'5'),('17791686|6',6,'5'),('17791687|6',6,'5'),('17791688|6',6,'5'),('17791689|6',6,'5'),('17791690|6',6,'5'),('17791691|6',6,'5'),('17791692|6',6,'5'),('17791693|6',6,'5'),('17791694|6',6,'5'),('17791695|6',6,'5'),('17791696|6',6,'5'),('17791697|6',6,'5'),('17791698|6',6,'5'),('17791699|6',6,'5'),('17791700|6',6,'5'),('17794829|0',0,'3'),('17794831|0',0,'3'),('17794832|0',0,'3'),('17794833|0',0,'3'),('17794834|0',0,'3'),('17794835|0',0,'3'),('17794836|0',0,'3'),('17794837|0',0,'3'),('17794838|0',0,'3'),('17794839|0',0,'3'),('17794840|0',0,'3'),('17794841|0',0,'3'),('17794842|0',0,'3'),('17794843|0',0,'3'),('17794844|0',0,'3'),('17794845|0',0,'3'),('17794846|0',0,'3'),('17794847|0',0,'3'),('17794848|0',0,'3'),('17794849|0',0,'4'),('17794850|0',0,'4'),('17794851|0',0,'4'),('17794852|0',0,'4'),('17794853|0',0,'4'),('17794854|0',0,'4'),('17794855|0',0,'4'),('17794856|0',0,'4'),('17794857|0',0,'4'),('17794858|0',0,'4'),('17794859|0',0,'4'),('17794860|0',0,'4'),('17794861|0',0,'4'),('17794862|0',0,'5'),('17794863|0',0,'5'),('17794864|0',0,'4'),('17794865|0',0,'4'),('17794866|0',0,'4'),('17794867|0',0,'4'),('17794868|0',0,'4'),('17794869|0',0,'4'),('17794870|0',0,'4'),('17794871|0',0,'4'),('17794872|0',0,'4'),('17794873|0',0,'4'),('17794874|0',0,'4'),('17794875|0',0,'4'),('17794876|0',0,'4'),('17838841|2',2,'3'),('17838843|2',2,'3'),('17838844|2',2,'3'),('17838845|2',2,'3'),('17838846|2',2,'3'),('17838847|2',2,'3'),('17838848|2',2,'3'),('17838849|2',2,'3'),('17838850|2',2,'3'),('17838851|2',2,'3'),('17838852|2',2,'3'),('17838853|2',2,'3'),('17838854|2',2,'3'),('17838855|2',2,'3'),('17838856|2',2,'3'),('17838857|2',2,'4'),('17838858|2',2,'4'),('17838859|2',2,'4'),('17838860|2',2,'4'),('17838861|2',2,'4'),('17838862|2',2,'4'),('17838863|2',2,'4'),('17838864|2',2,'4'),('17838865|2',2,'4'),('17838866|2',2,'4'),('17838867|2',2,'4'),('17838868|2',2,'4'),('17838869|2',2,'4'),('17838870|2',2,'4'),('17838871|2',2,'4'),('17838872|2',2,'4'),('17838873|2',2,'4'),('17838874|2',2,'4'),('17838875|2',2,'4'),('17838876|2',2,'4'),('17838877|2',2,'4'),('17838878|2',2,'4'),('17838879|2',2,'4'),('17838880|2',2,'4'),('17838881|2',2,'4'),('17838882|2',2,'4'),('17838883|2',2,'4'),('17838884|2',2,'4'),('17838885|2',2,'4'),('17838886|2',2,'4'),('17838887|2',2,'4'),('17838888|2',2,'4'),('17838889|2',2,'4'),('17838890|2',2,'4'),('17838891|2',2,'4'),('17838892|2',2,'4'),('17838893|2',2,'4'),('17838894|2',2,'4'),('17838895|2',2,'4'),('17838896|2',2,'4'),('17838897|2',2,'4'),('17838898|2',2,'4'),('17838899|2',2,'4'),('17838900|2',2,'4'),('17838901|2',2,'4'),('17838902|2',2,'4'),('17838903|2',2,'4'),('17838904|2',2,'4'),('17838905|2',2,'4'),('17838906|2',2,'4'),('17838907|2',2,'4'),('17838908|2',2,'4'),('17838909|2',2,'4'),('17838910|2',2,'4'),('17838911|2',2,'4'),('17838912|2',2,'4'),('17838913|2',2,'4'),('17838914|2',2,'4'),('17838915|2',2,'4'),('17838916|2',2,'4'),('17838917|2',2,'4'),('17838918|2',2,'4'),('17838919|2',2,'4'),('17838920|2',2,'4'),('17838921|2',2,'4'),('17838922|2',2,'4'),('17838923|2',2,'4'),('17838924|2',2,'4'),('17838925|2',2,'4'),('17838926|2',2,'4'),('17838927|2',2,'4'),('17838928|2',2,'4'),('17838929|2',2,'4'),('17838930|2',2,'4'),('17838931|2',2,'4'),('17838932|2',2,'4'),('17838933|2',2,'4'),('17838934|2',2,'4'),('17838935|2',2,'4'),('17838936|2',2,'4'),('17838937|2',2,'4'),('17838938|2',2,'4'),('17838939|2',2,'4'),('17838940|2',2,'4'),('17838941|2',2,'4'),('17838942|2',2,'4'),('17838943|2',2,'4'),('17839044|3',3,'5'),('17839046|3',3,'5'),('17839047|3',3,'5'),('17839048|3',3,'5'),('17839049|3',3,'5'),('17839050|3',3,'5'),('17839051|3',3,'5'),('17839052|3',3,'5'),('17839053|3',3,'5'),('17839054|3',3,'5'),('17839055|3',3,'5'),('17839056|3',3,'5'),('17839057|3',3,'5'),('17839058|3',3,'5'),('17839059|3',3,'5'),('17839060|3',3,'5'),('17839061|3',3,'5'),('17839062|3',3,'5'),('17839063|3',3,'5'),('17839064|3',3,'5'),('17839065|3',3,'5'),('17839066|3',3,'5'),('17839067|3',3,'5'),('17839068|3',3,'5'),('17839069|3',3,'5'),('17839070|3',3,'5'),('17839071|3',3,'5'),('17839072|3',3,'5'),('17839073|3',3,'5'),('17839074|3',3,'4'),('17839075|3',3,'4'),('17839076|3',3,'4'),('17839077|3',3,'4'),('17839078|3',3,'4'),('17839079|3',3,'4'),('17839080|3',3,'4'),('17839081|3',3,'4'),('17839082|3',3,'4'),('17839083|3',3,'4'),('17839084|3',3,'4'),('17839085|3',3,'4'),('17839086|3',3,'4'),('17839087|3',3,'4'),('17839088|3',3,'4'),('17839089|3',3,'4'),('17839090|3',3,'4'),('17839091|3',3,'4'),('17839092|3',3,'4'),('17839093|3',3,'4'),('17839094|3',3,'4'),('17839095|3',3,'4'),('17839096|3',3,'4'),('17839097|3',3,'4'),('17839098|3',3,'4'),('17839099|3',3,'4'),('17839100|3',3,'4'),('17839101|3',3,'4'),('17839102|3',3,'4'),('17839103|3',3,'4'),('17839104|3',3,'4'),('17839105|3',3,'4'),('17839106|3',3,'4'),('17839107|3',3,'4'),('17839108|3',3,'4'),('17839109|3',3,'4'),('17839110|3',3,'4'),('17839111|3',3,'4'),('17839112|3',3,'4'),('17839113|3',3,'4'),('17839114|3',3,'4'),('17839115|3',3,'4'),('17839116|3',3,'4'),('17839117|3',3,'4'),('17839118|3',3,'4'),('17839119|3',3,'4'),('17839120|3',3,'4'),('17839121|3',3,'4'),('17839122|3',3,'4'),('17839123|3',3,'4'),('17839124|3',3,'4'),('17839125|3',3,'4'),('17839126|3',3,'4'),('17839127|3',3,'4'),('17839128|3',3,'4'),('17839129|3',3,'4'),('17839130|3',3,'4'),('17839131|3',3,'4'),('17839132|3',3,'4'),('17839133|3',3,'4'),('17839134|3',3,'4'),('17839135|3',3,'4'),('17839136|3',3,'4'),('17839137|3',3,'4'),('17839138|3',3,'4'),('17839139|3',3,'4'),('17839140|3',3,'4'),('17839141|3',3,'4'),('17839142|3',3,'4'),('17839143|3',3,'4'),('17839144|3',3,'4'),('17839145|3',3,'4'),('17839146|3',3,'4'),('17839247|4',4,'5'),('17839249|4',4,'5'),('17839250|4',4,'6'),('17839251|4',4,'6'),('17839252|4',4,'5'),('17839253|4',4,'5'),('17839254|4',4,'5'),('17839255|4',4,'5'),('17839256|4',4,'5'),('17839257|4',4,'5'),('17839258|4',4,'5'),('17839259|4',4,'5'),('17839260|4',4,'5'),('17839261|4',4,'5'),('17839262|4',4,'5'),('17839263|4',4,'5'),('17839264|4',4,'5'),('17839265|4',4,'5'),('17839266|4',4,'5'),('17839267|4',4,'5'),('17839268|4',4,'5'),('17839269|4',4,'5'),('17839270|4',4,'5'),('17839271|4',4,'5'),('17839272|4',4,'5'),('17839273|4',4,'5'),('17839274|4',4,'5'),('17839275|4',4,'4'),('17839276|4',4,'4'),('17839277|4',4,'4'),('17839278|4',4,'4'),('17839279|4',4,'4'),('17839280|4',4,'4'),('17839281|4',4,'4'),('17839282|4',4,'4'),('17839283|4',4,'4'),('17839284|4',4,'4'),('17839285|4',4,'4'),('17839286|4',4,'4'),('17839287|4',4,'4'),('17839288|4',4,'4'),('17839289|4',4,'4'),('17839290|4',4,'4'),('17839291|4',4,'4'),('17839292|4',4,'4'),('17839293|4',4,'4'),('17839294|4',4,'4'),('17839295|4',4,'5'),('17839296|4',4,'5'),('17839297|4',4,'5'),('17839298|4',4,'5'),('17839299|4',4,'4'),('17839300|4',4,'4'),('17839301|4',4,'4'),('17839302|4',4,'4'),('17839303|4',4,'4'),('17839304|4',4,'4'),('17839305|4',4,'4'),('17839306|4',4,'4'),('17839307|4',4,'4'),('17839308|4',4,'4'),('17839309|4',4,'4'),('17839310|4',4,'4'),('17839311|4',4,'4'),('17839312|4',4,'4'),('17839313|4',4,'4'),('17839314|4',4,'4'),('17839315|4',4,'4'),('17839316|4',4,'4'),('17839617|5',5,'2'),('17839619|5',5,'2'),('17839620|5',5,'2'),('17839621|5',5,'2'),('17839622|5',5,'2'),('17839623|5',5,'2'),('17839624|5',5,'2'),('17839625|5',5,'2'),('17839626|5',5,'2'),('17839627|5',5,'2'),('17839628|5',5,'2'),('17839629|5',5,'2'),('17839630|5',5,'2'),('17839631|5',5,'2'),('17839632|5',5,'2'),('17839633|5',5,'2'),('17839634|5',5,'2'),('17839635|5',5,'2'),('17839636|5',5,'2'),('17839637|5',5,'2'),('17839638|5',5,'2'),('17839639|5',5,'2'),('17839640|5',5,'2'),('17839641|5',5,'2'),('17839642|5',5,'2'),('17839643|5',5,'2'),('17839644|5',5,'2'),('17839645|5',5,'2'),('17839646|5',5,'3'),('17839647|5',5,'3'),('17839648|5',5,'3'),('17839649|5',5,'3'),('17839650|5',5,'3'),('17839651|5',5,'3'),('17839652|5',5,'3'),('17839653|5',5,'3'),('17839654|5',5,'3'),('17839655|5',5,'3'),('17839656|5',5,'3'),('17839657|5',5,'3'),('17839658|5',5,'3'),('17839659|5',5,'4'),('17839660|5',5,'4'),('17839661|5',5,'4'),('17839662|5',5,'4'),('17839663|5',5,'4'),('17839664|5',5,'4'),('17839665|5',5,'4'),('17839666|5',5,'4'),('17839667|5',5,'4'),('17839668|5',5,'4'),('17839669|5',5,'4'),('17839670|5',5,'4'),('17839671|5',5,'4'),('17839672|5',5,'5'),('17839673|5',5,'5'),('17839674|5',5,'5'),('17839675|5',5,'5'),('17839676|5',5,'5'),('17839677|5',5,'5'),('17839678|5',5,'5'),('17839679|5',5,'4'),('17839680|5',5,'4'),('17839681|5',5,'4'),('17839682|5',5,'4'),('17839683|5',5,'5'),('17839684|5',5,'5'),('17839685|5',5,'5'),('17839686|5',5,'5'),('17839687|5',5,'5'),('17839688|5',5,'5'),('17839689|5',5,'4'),('17839690|5',5,'4'),('17839691|5',5,'4'),('17839692|5',5,'4'),('17839693|5',5,'4'),('17839694|5',5,'4'),('17839695|5',5,'4'),('17839696|5',5,'4'),('17839697|5',5,'4'),('17839698|5',5,'4'),('17839699|5',5,'4'),('17839700|5',5,'4'),('17839701|5',5,'4'),('17839702|5',5,'4'),('17839703|5',5,'4'),('17839704|5',5,'4'),('17839705|5',5,'4'),('17839706|5',5,'4'),('17839707|5',5,'4'),('17839708|5',5,'4'),('17839709|5',5,'4'),('17839710|5',5,'4'),('17839711|5',5,'4'),('17839712|5',5,'4'),('17839713|5',5,'4'),('17839714|5',5,'4'),('17839715|5',5,'4'),('17839716|5',5,'4'),('17839717|5',5,'4'),('17839718|5',5,'4'),('17839719|5',5,'4'),('17840193|7',7,'4'),('17840195|7',7,'4'),('17840196|7',7,'4'),('17840197|7',7,'4'),('17840198|7',7,'4'),('17840199|7',7,'4'),('17840200|7',7,'4'),('17840201|7',7,'4'),('17840202|7',7,'4'),('17840203|7',7,'4'),('17840204|7',7,'4'),('17840205|7',7,'4'),('17840206|7',7,'4'),('17840207|7',7,'4'),('17840208|7',7,'4'),('17840209|7',7,'4'),('17840210|7',7,'4'),('17840211|7',7,'4'),('17840212|7',7,'4'),('17840213|7',7,'4'),('17840214|7',7,'4'),('17840215|7',7,'4'),('17840216|7',7,'4'),('17840217|7',7,'4'),('17840218|7',7,'4'),('17840219|7',7,'4'),('17840220|7',7,'4'),('17840221|7',7,'4'),('17840222|7',7,'4'),('17840223|7',7,'4'),('17840224|7',7,'4'),('17840225|7',7,'4'),('17840226|7',7,'4'),('17840227|7',7,'4'),('17840228|7',7,'4'),('17840229|7',7,'4'),('17840230|7',7,'4'),('17840231|7',7,'4'),('17840232|7',7,'4'),('17840233|7',7,'4'),('17840234|7',7,'4'),('17840235|7',7,'4'),('17840236|7',7,'4'),('17840237|7',7,'4'),('17840238|7',7,'4'),('17840239|7',7,'4'),('17840240|7',7,'4'),('17840241|7',7,'4'),('17840242|7',7,'4'),('17840243|7',7,'4'),('17840244|7',7,'4'),('17840245|7',7,'4'),('17840246|7',7,'4'),('17840247|7',7,'4'),('17840248|7',7,'4'),('17840249|7',7,'4'),('17840250|7',7,'4'),('17840251|7',7,'4'),('17840252|7',7,'4'),('17840253|7',7,'4'),('17840254|7',7,'4'),('17840255|7',7,'4'),('17840256|7',7,'4'),('17840257|7',7,'4'),('17840258|7',7,'4'),('17840259|7',7,'4'),('17840260|7',7,'4'),('17840261|7',7,'4'),('17840262|7',7,'4'),('17840263|7',7,'4'),('17840264|7',7,'4'),('17840265|7',7,'4'),('17840266|7',7,'4'),('17840267|7',7,'4'),('17840268|7',7,'4'),('17840269|7',7,'4'),('17840270|7',7,'4'),('17840271|7',7,'4'),('17840272|7',7,'4'),('17840273|7',7,'4'),('17840274|7',7,'4'),('17840275|7',7,'4'),('17840276|7',7,'4'),('17840277|7',7,'4'),('17840278|7',7,'4'),('17840279|7',7,'4'),('17840280|7',7,'4'),('17840281|7',7,'4'),('17840282|7',7,'4'),('17840283|7',7,'4'),('17840284|7',7,'4'),('17840285|7',7,'4'),('17840286|7',7,'4'),('17840287|7',7,'4'),('17840288|7',7,'4'),('17840289|7',7,'4'),('17840290|7',7,'4'),('17840291|7',7,'4'),('17840292|7',7,'4'),('17840293|7',7,'4'),('17840294|7',7,'4'),('17840295|7',7,'4'),('17840396|8',8,'3'),('17840398|8',8,'3'),('17840399|8',8,'3'),('17840400|8',8,'3'),('17840401|8',8,'3'),('17840402|8',8,'3'),('17840403|8',8,'3'),('17840404|8',8,'3'),('17840405|8',8,'3'),('17840406|8',8,'3'),('17840407|8',8,'3'),('17840408|8',8,'3'),('17840409|8',8,'3'),('17840410|8',8,'3'),('17840411|8',8,'3'),('17840412|8',8,'3'),('17840413|8',8,'3'),('17840414|8',8,'3'),('17840415|8',8,'3'),('17840416|8',8,'3'),('17840417|8',8,'3'),('17840418|8',8,'3'),('17840419|8',8,'3'),('17840420|8',8,'4'),('17840421|8',8,'4'),('17840422|8',8,'4'),('17840423|8',8,'4'),('17840424|8',8,'4'),('17840425|8',8,'4'),('17840426|8',8,'4'),('17840427|8',8,'4'),('17840428|8',8,'4'),('17840429|8',8,'4'),('17840430|8',8,'4'),('17840431|8',8,'4'),('17840432|8',8,'4'),('17840433|8',8,'4'),('17840434|8',8,'4'),('17840435|8',8,'4'),('17840436|8',8,'4'),('17840437|8',8,'4'),('17840438|8',8,'4'),('17840439|8',8,'4'),('17840440|8',8,'4'),('17840441|8',8,'4'),('17840442|8',8,'4'),('17840443|8',8,'4'),('17840444|8',8,'4'),('17840445|8',8,'4'),('17840446|8',8,'4'),('17840447|8',8,'4'),('17840448|8',8,'4'),('17840449|8',8,'4'),('17840450|8',8,'4'),('17840451|8',8,'4'),('17840452|8',8,'4'),('17840453|8',8,'4'),('17840454|8',8,'4'),('17840455|8',8,'4'),('17840456|8',8,'4'),('17840457|8',8,'4'),('17840458|8',8,'4'),('17840459|8',8,'4'),('17840460|8',8,'4'),('17840461|8',8,'4'),('17840462|8',8,'4'),('17840463|8',8,'4'),('17840464|8',8,'4'),('17840465|8',8,'4'),('17840466|8',8,'4'),('17840467|8',8,'4'),('17840468|8',8,'4'),('17840469|8',8,'4'),('17840470|8',8,'4'),('17840471|8',8,'4'),('17840472|8',8,'4'),('17840473|8',8,'4'),('17840474|8',8,'4'),('17840475|8',8,'4'),('17840476|8',8,'4'),('17840477|8',8,'4'),('17840478|8',8,'4'),('17840479|8',8,'4'),('17840480|8',8,'4'),('17840481|8',8,'4'),('17840482|8',8,'4'),('17840483|8',8,'4'),('17840484|8',8,'4'),('17840485|8',8,'4'),('17840486|8',8,'4'),('17840487|8',8,'4'),('17840488|8',8,'4'),('17840489|8',8,'4'),('17840490|8',8,'4'),('17840491|8',8,'4'),('17840492|8',8,'4'),('17840493|8',8,'4'),('17840494|8',8,'4'),('17840495|8',8,'4'),('17840496|8',8,'4'),('17840497|8',8,'4'),('17840498|8',8,'4'),('17840599|9',9,'3'),('17840601|9',9,'3'),('17840602|9',9,'3'),('17840603|9',9,'3'),('17840604|9',9,'3'),('17840605|9',9,'3'),('17840606|9',9,'3'),('17840607|9',9,'3'),('17840608|9',9,'3'),('17840609|9',9,'3'),('17840610|9',9,'3'),('17840611|9',9,'3'),('17840612|9',9,'3'),('17840613|9',9,'3'),('17840614|9',9,'3'),('17840615|9',9,'3'),('17840616|9',9,'3'),('17840617|9',9,'3'),('17840618|9',9,'3'),('17840619|9',9,'3'),('17840620|9',9,'3'),('17840621|9',9,'3'),('17840622|9',9,'3'),('17840623|9',9,'3'),('17840624|9',9,'3'),('17840625|9',9,'4'),('17840626|9',9,'4'),('17840627|9',9,'4'),('17840628|9',9,'4'),('17840629|9',9,'4'),('17840630|9',9,'4'),('17840631|9',9,'4'),('17840632|9',9,'4'),('17840633|9',9,'4'),('17840634|9',9,'4'),('17840635|9',9,'4'),('17840636|9',9,'4'),('17840637|9',9,'4'),('17840638|9',9,'4'),('17840639|9',9,'4'),('17840640|9',9,'4'),('17840641|9',9,'4'),('17840642|9',9,'4'),('17840643|9',9,'4'),('17840644|9',9,'4'),('17840645|9',9,'4'),('17840646|9',9,'4'),('17840647|9',9,'4'),('17840648|9',9,'4'),('17840649|9',9,'4'),('17840650|9',9,'4'),('17840651|9',9,'4'),('17840652|9',9,'4'),('17840653|9',9,'4'),('17840654|9',9,'4'),('17840655|9',9,'4'),('17840656|9',9,'4'),('17840657|9',9,'4'),('17840658|9',9,'4'),('17840659|9',9,'4'),('17840660|9',9,'4'),('17840661|9',9,'4'),('17840662|9',9,'4'),('17840663|9',9,'4'),('17840664|9',9,'4'),('17840665|9',9,'4'),('17840666|9',9,'4'),('17840667|9',9,'4'),('17840668|9',9,'4'),('17840669|9',9,'4'),('17840670|9',9,'4'),('17840671|9',9,'4'),('17840672|9',9,'4'),('17840673|9',9,'4'),('17840674|9',9,'4'),('17840675|9',9,'4'),('17840676|9',9,'4'),('17840677|9',9,'4'),('17840678|9',9,'4'),('17840679|9',9,'4'),('17840680|9',9,'4'),('17840681|9',9,'4'),('17840682|9',9,'4'),('17840683|9',9,'4'),('17840684|9',9,'4'),('17840685|9',9,'4'),('17840686|9',9,'4'),('17840687|9',9,'4'),('17840688|9',9,'4'),('17840689|9',9,'4'),('17840690|9',9,'4'),('17840691|9',9,'4'),('17840692|9',9,'4'),('17840693|9',9,'4'),('17840694|9',9,'4'),('17840695|9',9,'4'),('17840696|9',9,'4'),('17840697|9',9,'4'),('17840698|9',9,'4'),('17840699|9',9,'4'),('17840700|9',9,'4'),('17840701|9',9,'4'),('17840802|1',1,'1'),('17840804|1',1,'1'),('17840805|1',1,'1'),('17840806|1',1,'1'),('17840807|1',1,'1'),('17840808|1',1,'1'),('17840809|1',1,'1'),('17840810|1',1,'1'),('17840811|1',1,'1'),('17840812|1',1,'1'),('17840813|1',1,'1'),('17840814|1',1,'1'),('17840815|1',1,'1'),('17840816|1',1,'1'),('17840817|1',1,'1'),('17840818|1',1,'1'),('17840819|1',1,'1'),('17840820|1',1,'2'),('17840821|1',1,'2'),('17840822|1',1,'2'),('17840823|1',1,'2'),('17840824|1',1,'2'),('17840825|1',1,'2'),('17840826|1',1,'2'),('17840827|1',1,'2'),('17840828|1',1,'2'),('17840829|1',1,'2'),('17840830|1',1,'2'),('17840831|1',1,'2'),('17840832|1',1,'2'),('17840833|1',1,'2'),('17840834|1',1,'2'),('17840835|1',1,'2'),('17840836|1',1,'2'),('17840837|1',1,'2'),('17840838|1',1,'2'),('17840839|1',1,'2'),('17840840|1',1,'2'),('17840841|1',1,'2'),('17840842|1',1,'2'),('17840843|1',1,'2'),('17840844|1',1,'2'),('17840845|1',1,'3'),('17840846|1',1,'3'),('17840847|1',1,'3'),('17840848|1',1,'3'),('17840849|1',1,'3'),('17840850|1',1,'3'),('17840851|1',1,'3'),('17840852|1',1,'3'),('17840853|1',1,'3'),('17840854|1',1,'3'),('17840855|1',1,'3'),('17840856|1',1,'3'),('17840857|1',1,'3'),('17840858|1',1,'4'),('17840859|1',1,'4'),('17840860|1',1,'4'),('17840861|1',1,'4'),('17840862|1',1,'4'),('17840863|1',1,'4'),('17840864|1',1,'4'),('17840865|1',1,'4'),('17840866|1',1,'4'),('17840867|1',1,'4'),('17840868|1',1,'4'),('17840869|1',1,'4'),('17840870|1',1,'4'),('17840871|1',1,'4'),('17840872|1',1,'4'),('17840873|1',1,'4'),('17840874|1',1,'4'),('17840875|1',1,'4'),('17840876|1',1,'4'),('17840877|1',1,'4'),('17840878|1',1,'4'),('17840879|1',1,'4'),('17840880|1',1,'4'),('17840881|1',1,'4'),('17840882|1',1,'4'),('17840883|1',1,'4'),('17840884|1',1,'4'),('17840885|1',1,'4'),('17840886|1',1,'4'),('17840887|1',1,'4'),('17840888|1',1,'4'),('17840889|1',1,'4'),('17840890|1',1,'4'),('17840891|1',1,'4'),('17840892|1',1,'4'),('17840893|1',1,'4'),('17840894|1',1,'4'),('17840895|1',1,'4'),('17840896|1',1,'4'),('17840897|1',1,'4'),('17840898|1',1,'4'),('17840899|1',1,'4'),('17840900|1',1,'4'),('17840901|1',1,'4'),('17840902|1',1,'4'),('17840903|1',1,'4'),('17840904|1',1,'4');
/*!40000 ALTER TABLE `ego_frame` ENABLE KEYS */;
UNLOCK TABLES;

--
-- Table structure for table `frames`
--

DROP TABLE IF EXISTS `frames`;
/*!40101 SET @saved_cs_client     = @@character_set_client */;
/*!40101 SET character_set_client = utf8 */;
CREATE TABLE `frames` (
  `f_id` varchar(100) NOT NULL,
  PRIMARY KEY (`f_id`)
) ENGINE=InnoDB DEFAULT CHARSET=utf8mb4 COLLATE=utf8mb4_general_ci;
/*!40101 SET character_set_client = @saved_cs_client */;

--
-- Dumping data for table `frames`
--

LOCK TABLES `frames` WRITE;
/*!40000 ALTER TABLE `frames` DISABLE KEYS */;
INSERT INTO `frames` VALUES ('17791604|6'),('17791606|6'),('17791607|6'),('17791608|6'),('17791609|6'),('17791610|6'),('17791611|6'),('17791612|6'),('17791613|6'),('17791614|6'),('17791615|6'),('17791616|6'),('17791617|6'),('17791618|6'),('17791619|6'),('17791620|6'),('17791621|6'),('17791622|6'),('17791623|6'),('17791624|6'),('17791625|6'),('17791626|6'),('17791627|6'),('17791628|6'),('17791629|6'),('17791630|6'),('17791631|6'),('17791632|6'),('17791633|6'),('17791634|6'),('17791635|6'),('17791636|6'),('17791637|6'),('17791638|6'),('17791639|6'),('17791640|6'),('17791641|6'),('17791642|6'),('17791643|6'),('17791644|6'),('17791645|6'),('17791646|6'),('17791647|6'),('17791648|6'),('17791649|6'),('17791650|6'),('17791651|6'),('17791652|6'),('17791653|6'),('17791654|6'),('17791655|6'),('17791656|6'),('17791657|6'),('17791658|6'),('17791659|6'),('17791660|6'),('17791661|6'),('17791662|6'),('17791663|6'),('17791664|6'),('17791665|6'),('17791666|6'),('17791667|6'),('17791668|6'),('17791669|6'),('17791670|6'),('17791671|6'),('17791672|6'),('17791673|6'),('17791674|6'),('17791675|6'),('17791676|6'),('17791677|6'),('17791678|6'),('17791679|6'),('17791680|6'),('17791681|6'),('17791682|6'),('17791683|6'),('17791684|6'),('17791685|6'),('17791686|6'),('17791687|6'),('17791688|6'),('17791689|6'),('17791690|6'),('17791691|6'),('17791692|6'),('17791693|6'),('17791694|6'),('17791695|6'),('17791696|6'),('17791697|6'),('17791698|6'),('17791699|6'),('17791700|6'),('17794829|0'),('17794831|0'),('17794832|0'),('17794833|0'),('17794834|0'),('17794835|0'),('17794836|0'),('17794837|0'),('17794838|0'),('17794839|0'),('17794840|0'),('17794841|0'),('17794842|0'),('17794843|0'),('17794844|0'),('17794845|0'),('17794846|0'),('17794847|0'),('17794848|0'),('17794849|0'),('17794850|0'),('17794851|0'),('17794852|0'),('17794853|0'),('17794854|0'),('17794855|0'),('17794856|0'),('17794857|0'),('17794858|0'),('17794859|0'),('17794860|0'),('17794861|0'),('17794862|0'),('17794863|0'),('17794864|0'),('17794865|0'),('17794866|0'),('17794867|0'),('17794868|0'),('17794869|0'),('17794870|0'),('17794871|0'),('17794872|0'),('17794873|0'),('17794874|0'),('17794875|0'),('17794876|0'),('17838841|2'),('17838843|2'),('17838844|2'),('17838845|2'),('17838846|2'),('17838847|2'),('17838848|2'),('17838849|2'),('17838850|2'),('17838851|2'),('17838852|2'),('17838853|2'),('17838854|2'),('17838855|2'),('17838856|2'),('17838857|2'),('17838858|2'),('17838859|2'),('17838860|2'),('17838861|2'),('17838862|2'),('17838863|2'),('17838864|2'),('17838865|2'),('17838866|2'),('17838867|2'),('17838868|2'),('17838869|2'),('17838870|2'),('17838871|2'),('17838872|2'),('17838873|2'),('17838874|2'),('17838875|2'),('17838876|2'),('17838877|2'),('17838878|2'),('17838879|2'),('17838880|2'),('17838881|2'),('17838882|2'),('17838883|2'),('17838884|2'),('17838885|2'),('17838886|2'),('17838887|2'),('17838888|2'),('17838889|2'),('17838890|2'),('17838891|2'),('17838892|2'),('17838893|2'),('17838894|2'),('17838895|2'),('17838896|2'),('17838897|2'),('17838898|2'),('17838899|2'),('17838900|2'),('17838901|2'),('17838902|2'),('17838903|2'),('17838904|2'),('17838905|2'),('17838906|2'),('17838907|2'),('17838908|2'),('17838909|2'),('17838910|2'),('17838911|2'),('17838912|2'),('17838913|2'),('17838914|2'),('17838915|2'),('17838916|2'),('17838917|2'),('17838918|2'),('17838919|2'),('17838920|2'),('17838921|2'),('17838922|2'),('17838923|2'),('17838924|2'),('17838925|2'),('17838926|2'),('17838927|2'),('17838928|2'),('17838929|2'),('17838930|2'),('17838931|2'),('17838932|2'),('17838933|2'),('17838934|2'),('17838935|2'),('17838936|2'),('17838937|2'),('17838938|2'),('17838939|2'),('17838940|2'),('17838941|2'),('17838942|2'),('17838943|2'),('17839044|3'),('17839046|3'),('17839047|3'),('17839048|3'),('17839049|3'),('17839050|3'),('17839051|3'),('17839052|3'),('17839053|3'),('17839054|3'),('17839055|3'),('17839056|3'),('17839057|3'),('17839058|3'),('17839059|3'),('17839060|3'),('17839061|3'),('17839062|3'),('17839063|3'),('17839064|3'),('17839065|3'),('17839066|3'),('17839067|3'),('17839068|3'),('17839069|3'),('17839070|3'),('17839071|3'),('17839072|3'),('17839073|3'),('17839074|3'),('17839075|3'),('17839076|3'),('17839077|3'),('17839078|3'),('17839079|3'),('17839080|3'),('17839081|3'),('17839082|3'),('17839083|3'),('17839084|3'),('17839085|3'),('17839086|3'),('17839087|3'),('17839088|3'),('17839089|3'),('17839090|3'),('17839091|3'),('17839092|3'),('17839093|3'),('17839094|3'),('17839095|3'),('17839096|3'),('17839097|3'),('17839098|3'),('17839099|3'),('17839100|3'),('17839101|3'),('17839102|3'),('17839103|3'),('17839104|3'),('17839105|3'),('17839106|3'),('17839107|3'),('17839108|3'),('17839109|3'),('17839110|3'),('17839111|3'),('17839112|3'),('17839113|3'),('17839114|3'),('17839115|3'),('17839116|3'),('17839117|3'),('17839118|3'),('17839119|3'),('17839120|3'),('17839121|3'),('17839122|3'),('17839123|3'),('17839124|3'),('17839125|3'),('17839126|3'),('17839127|3'),('17839128|3'),('17839129|3'),('17839130|3'),('17839131|3'),('17839132|3'),('17839133|3'),('17839134|3'),('17839135|3'),('17839136|3'),('17839137|3'),('17839138|3'),('17839139|3'),('17839140|3'),('17839141|3'),('17839142|3'),('17839143|3'),('17839144|3'),('17839145|3'),('17839146|3'),('17839247|4'),('17839249|4'),('17839250|4'),('17839251|4'),('17839252|4'),('17839253|4'),('17839254|4'),('17839255|4'),('17839256|4'),('17839257|4'),('17839258|4'),('17839259|4'),('17839260|4'),('17839261|4'),('17839262|4'),('17839263|4'),('17839264|4'),('17839265|4'),('17839266|4'),('17839267|4'),('17839268|4'),('17839269|4'),('17839270|4'),('17839271|4'),('17839272|4'),('17839273|4'),('17839274|4'),('17839275|4'),('17839276|4'),('17839277|4'),('17839278|4'),('17839279|4'),('17839280|4'),('17839281|4'),('17839282|4'),('17839283|4'),('17839284|4'),('17839285|4'),('17839286|4'),('17839287|4'),('17839288|4'),('17839289|4'),('17839290|4'),('17839291|4'),('17839292|4'),('17839293|4'),('17839294|4'),('17839295|4'),('17839296|4'),('17839297|4'),('17839298|4'),('17839299|4'),('17839300|4'),('17839301|4'),('17839302|4'),('17839303|4'),('17839304|4'),('17839305|4'),('17839306|4'),('17839307|4'),('17839308|4'),('17839309|4'),('17839310|4'),('17839311|4'),('17839312|4'),('17839313|4'),('17839314|4'),('17839315|4'),('17839316|4'),('17839617|5'),('17839619|5'),('17839620|5'),('17839621|5'),('17839622|5'),('17839623|5'),('17839624|5'),('17839625|5'),('17839626|5'),('17839627|5'),('17839628|5'),('17839629|5'),('17839630|5'),('17839631|5'),('17839632|5'),('17839633|5'),('17839634|5'),('17839635|5'),('17839636|5'),('17839637|5'),('17839638|5'),('17839639|5'),('17839640|5'),('17839641|5'),('17839642|5'),('17839643|5'),('17839644|5'),('17839645|5'),('17839646|5'),('17839647|5'),('17839648|5'),('17839649|5'),('17839650|5'),('17839651|5'),('17839652|5'),('17839653|5'),('17839654|5'),('17839655|5'),('17839656|5'),('17839657|5'),('17839658|5'),('17839659|5'),('17839660|5'),('17839661|5'),('17839662|5'),('17839663|5'),('17839664|5'),('17839665|5'),('17839666|5'),('17839667|5'),('17839668|5'),('17839669|5'),('17839670|5'),('17839671|5'),('17839672|5'),('17839673|5'),('17839674|5'),('17839675|5'),('17839676|5'),('17839677|5'),('17839678|5'),('17839679|5'),('17839680|5'),('17839681|5'),('17839682|5'),('17839683|5'),('17839684|5'),('17839685|5'),('17839686|5'),('17839687|5'),('17839688|5'),('17839689|5'),('17839690|5'),('17839691|5'),('17839692|5'),('17839693|5'),('17839694|5'),('17839695|5'),('17839696|5'),('17839697|5'),('17839698|5'),('17839699|5'),('17839700|5'),('17839701|5'),('17839702|5'),('17839703|5'),('17839704|5'),('17839705|5'),('17839706|5'),('17839707|5'),('17839708|5'),('17839709|5'),('17839710|5'),('17839711|5'),('17839712|5'),('17839713|5'),('17839714|5'),('17839715|5'),('17839716|5'),('17839717|5'),('17839718|5'),('17839719|5'),('17840193|7'),('17840195|7'),('17840196|7'),('17840197|7'),('17840198|7'),('17840199|7'),('17840200|7'),('17840201|7'),('17840202|7'),('17840203|7'),('17840204|7'),('17840205|7'),('17840206|7'),('17840207|7'),('17840208|7'),('17840209|7'),('17840210|7'),('17840211|7'),('17840212|7'),('17840213|7'),('17840214|7'),('17840215|7'),('17840216|7'),('17840217|7'),('17840218|7'),('17840219|7'),('17840220|7'),('17840221|7'),('17840222|7'),('17840223|7'),('17840224|7'),('17840225|7'),('17840226|7'),('17840227|7'),('17840228|7'),('17840229|7'),('17840230|7'),('17840231|7'),('17840232|7'),('17840233|7'),('17840234|7'),('17840235|7'),('17840236|7'),('17840237|7'),('17840238|7'),('17840239|7'),('17840240|7'),('17840241|7'),('17840242|7'),('17840243|7'),('17840244|7'),('17840245|7'),('17840246|7'),('17840247|7'),('17840248|7'),('17840249|7'),('17840250|7'),('17840251|7'),('17840252|7'),('17840253|7'),('17840254|7'),('17840255|7'),('17840256|7'),('17840257|7'),('17840258|7'),('17840259|7'),('17840260|7'),('17840261|7'),('17840262|7'),('17840263|7'),('17840264|7'),('17840265|7'),('17840266|7'),('17840267|7'),('17840268|7'),('17840269|7'),('17840270|7'),('17840271|7'),('17840272|7'),('17840273|7'),('17840274|7'),('17840275|7'),('17840276|7'),('17840277|7'),('17840278|7'),('17840279|7'),('17840280|7'),('17840281|7'),('17840282|7'),('17840283|7'),('17840284|7'),('17840285|7'),('17840286|7'),('17840287|7'),('17840288|7'),('17840289|7'),('17840290|7'),('17840291|7'),('17840292|7'),('17840293|7'),('17840294|7'),('17840295|7'),('17840396|8'),('17840398|8'),('17840399|8'),('17840400|8'),('17840401|8'),('17840402|8'),('17840403|8'),('17840404|8'),('17840405|8'),('17840406|8'),('17840407|8'),('17840408|8'),('17840409|8'),('17840410|8'),('17840411|8'),('17840412|8'),('17840413|8'),('17840414|8'),('17840415|8'),('17840416|8'),('17840417|8'),('17840418|8'),('17840419|8'),('17840420|8'),('17840421|8'),('17840422|8'),('17840423|8'),('17840424|8'),('17840425|8'),('17840426|8'),('17840427|8'),('17840428|8'),('17840429|8'),('17840430|8'),('17840431|8'),('17840432|8'),('17840433|8'),('17840434|8'),('17840435|8'),('17840436|8'),('17840437|8'),('17840438|8'),('17840439|8'),('17840440|8'),('17840441|8'),('17840442|8'),('17840443|8'),('17840444|8'),('17840445|8'),('17840446|8'),('17840447|8'),('17840448|8'),('17840449|8'),('17840450|8'),('17840451|8'),('17840452|8'),('17840453|8'),('17840454|8'),('17840455|8'),('17840456|8'),('17840457|8'),('17840458|8'),('17840459|8'),('17840460|8'),('17840461|8'),('17840462|8'),('17840463|8'),('17840464|8'),('17840465|8'),('17840466|8'),('17840467|8'),('17840468|8'),('17840469|8'),('17840470|8'),('17840471|8'),('17840472|8'),('17840473|8'),('17840474|8'),('17840475|8'),('17840476|8'),('17840477|8'),('17840478|8'),('17840479|8'),('17840480|8'),('17840481|8'),('17840482|8'),('17840483|8'),('17840484|8'),('17840485|8'),('17840486|8'),('17840487|8'),('17840488|8'),('17840489|8'),('17840490|8'),('17840491|8'),('17840492|8'),('17840493|8'),('17840494|8'),('17840495|8'),('17840496|8'),('17840497|8'),('17840498|8'),('17840599|9'),('17840601|9'),('17840602|9'),('17840603|9'),('17840604|9'),('17840605|9'),('17840606|9'),('17840607|9'),('17840608|9'),('17840609|9'),('17840610|9'),('17840611|9'),('17840612|9'),('17840613|9'),('17840614|9'),('17840615|9'),('17840616|9'),('17840617|9'),('17840618|9'),('17840619|9'),('17840620|9'),('17840621|9'),('17840622|9'),('17840623|9'),('17840624|9'),('17840625|9'),('17840626|9'),('17840627|9'),('17840628|9'),('17840629|9'),('17840630|9'),('17840631|9'),('17840632|9'),('17840633|9'),('17840634|9'),('17840635|9'),('17840636|9'),('17840637|9'),('17840638|9'),('17840639|9'),('17840640|9'),('17840641|9'),('17840642|9'),('17840643|9'),('17840644|9'),('17840645|9'),('17840646|9'),('17840647|9'),('17840648|9'),('17840649|9'),('17840650|9'),('17840651|9'),('17840652|9'),('17840653|9'),('17840654|9'),('17840655|9'),('17840656|9'),('17840657|9'),('17840658|9'),('17840659|9'),('17840660|9'),('17840661|9'),('17840662|9'),('17840663|9'),('17840664|9'),('17840665|9'),('17840666|9'),('17840667|9'),('17840668|9'),('17840669|9'),('17840670|9'),('17840671|9'),('17840672|9'),('17840673|9'),('17840674|9'),('17840675|9'),('17840676|9'),('17840677|9'),('17840678|9'),('17840679|9'),('17840680|9'),('17840681|9'),('17840682|9'),('17840683|9'),('17840684|9'),('17840685|9'),('17840686|9'),('17840687|9'),('17840688|9'),('17840689|9'),('17840690|9'),('17840691|9'),('17840692|9'),('17840693|9'),('17840694|9'),('17840695|9'),('17840696|9'),('17840697|9'),('17840698|9'),('17840699|9'),('17840700|9'),('17840701|9'),('17840802|1'),('17840804|1'),('17840805|1'),('17840806|1'),('17840807|1'),('17840808|1'),('17840809|1'),('17840810|1'),('17840811|1'),('17840812|1'),('17840813|1'),('17840814|1'),('17840815|1'),('17840816|1'),('17840817|1'),('17840818|1'),('17840819|1'),('17840820|1'),('17840821|1'),('17840822|1'),('17840823|1'),('17840824|1'),('17840825|1'),('17840826|1'),('17840827|1'),('17840828|1'),('17840829|1'),('17840830|1'),('17840831|1'),('17840832|1'),('17840833|1'),('17840834|1'),('17840835|1'),('17840836|1'),('17840837|1'),('17840838|1'),('17840839|1'),('17840840|1'),('17840841|1'),('17840842|1'),('17840843|1'),('17840844|1'),('17840845|1'),('17840846|1'),('17840847|1'),('17840848|1'),('17840849|1'),('17840850|1'),('17840851|1'),('17840852|1'),('17840853|1'),('17840854|1'),('17840855|1'),('17840856|1'),('17840857|1'),('17840858|1'),('17840859|1'),('17840860|1'),('17840861|1'),('17840862|1'),('17840863|1'),('17840864|1'),('17840865|1'),('17840866|1'),('17840867|1'),('17840868|1'),('17840869|1'),('17840870|1'),('17840871|1'),('17840872|1'),('17840873|1'),('17840874|1'),('17840875|1'),('17840876|1'),('17840877|1'),('17840878|1'),('17840879|1'),('17840880|1'),('17840881|1'),('17840882|1'),('17840883|1'),('17840884|1'),('17840885|1'),('17840886|1'),('17840887|1'),('17840888|1'),('17840889|1'),('17840890|1'),('17840891|1'),('17840892|1'),('17840893|1'),('17840894|1'),('17840895|1'),('17840896|1'),('17840897|1'),('17840898|1'),('17840899|1'),('17840900|1'),('17840901|1'),('17840902|1'),('17840903|1'),('17840904|1');
/*!40000 ALTER TABLE `frames` ENABLE KEYS */;
UNLOCK TABLES;

--
-- Table structure for table `relation`
--

DROP TABLE IF EXISTS `relation`;
/*!40101 SET @saved_cs_client     = @@character_set_client */;
/*!40101 SET character_set_client = utf8 */;
CREATE TABLE `relation` (
  `f_id` varchar(100) NOT NULL,
  `car_id` int(11) NOT NULL,
  `distance` varchar(11) DEFAULT NULL,
  `speed_diff` varchar(11) DEFAULT NULL,
  `near_level` varchar(11) DEFAULT NULL,
  `Lane` varchar(100) NOT NULL,
  `Speed` varchar(11) NOT NULL,
  PRIMARY KEY (`f_id`,`car_id`),
  KEY `car_id` (`car_id`),
  CONSTRAINT `relation_ibfk_1` FOREIGN KEY (`f_id`) REFERENCES `frames` (`f_id`),
  CONSTRAINT `relation_ibfk_2` FOREIGN KEY (`car_id`) REFERENCES `cars` (`car_id`)
) ENGINE=InnoDB DEFAULT CHARSET=utf8mb4 COLLATE=utf8mb4_general_ci;
/*!40101 SET character_set_client = @saved_cs_client */;

--
-- Dumping data for table `relation`
--

LOCK TABLES `relation` WRITE;
/*!40000 ALTER TABLE `relation` DISABLE KEYS */;
INSERT INTO `relation` VALUES ('17791604|6',75,'3','1','2','lane_left','2'),('17791604|6',76,'3','2','2','lane_middle','5'),('17791604|6',78,'3','1','2','lane_left','3'),('17791606|6',75,'3','1','2','lane_middle','2'),('17791606|6',76,'3','2','2','lane_middle','5'),('17791606|6',78,'3','1','2','lane_left','3'),('17791607|6',75,'3','1','2','lane_left','2'),('17791607|6',76,'3','2','2','lane_middle','5'),('17791607|6',78,'3','1','2','lane_left','3'),('17791608|6',75,'3','1','2','lane_left','2'),('17791608|6',76,'3','2','2','lane_middle','5'),('17791608|6',78,'3','1','2','lane_left','3'),('17791609|6',75,'3','1','2','lane_left','2'),('17791609|6',76,'3','2','2','lane_middle','5'),('17791609|6',78,'2','1','2','lane_left','3'),('17791610|6',75,'3','1','2','lane_left','2'),('17791610|6',76,'3','2','2','lane_middle','5'),('17791610|6',78,'2','1','2','lane_left','3'),('17791611|6',75,'4','1','1','lane_left','2'),('17791611|6',76,'3','2','2','lane_middle','5'),('17791611|6',78,'3','1','2','lane_left','3'),('17791612|6',75,'4','1','1','lane_left','2'),('17791612|6',76,'3','2','2','lane_middle','5'),('17791612|6',78,'2','1','2','lane_left','3'),('17791613|6',75,'4','1','1','lane_left','2'),('17791613|6',76,'3','2','2','lane_middle','5'),('17791613|6',78,'2','1','2','lane_left','3'),('17791614|6',75,'4','1','1','lane_left','2'),('17791614|6',76,'3','2','2','lane_middle','5'),('17791614|6',78,'2','1','2','lane_left','3'),('17791615|6',75,'4','1','1','lane_left','2'),('17791615|6',76,'3','2','2','lane_middle','5'),('17791615|6',78,'2','1','2','lane_left','3'),('17791616|6',75,'4','1','1','lane_left','2'),('17791616|6',76,'3','2','2','lane_middle','5'),('17791616|6',78,'2','1','2','lane_left','3'),('17791617|6',75,'4','1','1','lane_left','2'),('17791617|6',76,'3','2','2','lane_middle','5'),('17791617|6',78,'2','1','2','lane_left','3'),('17791618|6',68,'5','2','1','lane_middle','5'),('17791618|6',75,'5','1','1','lane_left','2'),('17791618|6',76,'2','2','2','lane_middle','5'),('17791618|6',78,'2','1','2','lane_left','3'),('17791619|6',75,'5','1','1','lane_left','2'),('17791619|6',76,'3','2','2','lane_middle','5'),('17791619|6',78,'2','1','2','lane_left','3'),('17791620|6',75,'5','1','1','lane_left','3'),('17791620|6',76,'2','2','2','lane_middle','5'),('17791620|6',78,'2','1','3','lane_left','3'),('17791621|6',68,'5','2','1','lane_middle','5'),('17791621|6',75,'5','1','1','lane_left','3'),('17791621|6',76,'2','2','2','lane_middle','5'),('17791621|6',78,'2','1','3','lane_left','3'),('17791622|6',75,'5','1','1','lane_left','3'),('17791622|6',76,'2','2','2','lane_middle','5'),('17791622|6',78,'2','1','3','lane_left','3'),('17791623|6',68,'5','2','1','lane_middle','5'),('17791623|6',75,'5','1','1','lane_left','3'),('17791623|6',76,'2','2','2','lane_middle','5'),('17791623|6',78,'2','1','3','lane_left','3'),('17791624|6',68,'5','2','1','lane_middle','5'),('17791624|6',75,'5','1','1','lane_left','3'),('17791624|6',76,'2','2','2','lane_middle','5'),('17791624|6',78,'2','1','3','lane_left','3'),('17791625|6',68,'5','2','1','lane_middle','5'),('17791625|6',75,'5','1','1','lane_left','3'),('17791625|6',76,'2','2','2','lane_middle','5'),('17791625|6',78,'2','1','3','lane_left','3'),('17791626|6',68,'5','2','1','lane_middle','5'),('17791626|6',75,'5','1','1','lane_left','3'),('17791626|6',76,'2','2','2','lane_middle','5'),('17791626|6',78,'2','1','3','lane_left','3'),('17791627|6',68,'5','2','1','lane_middle','5'),('17791627|6',75,'5','1','1','lane_left','3'),('17791627|6',76,'2','2','3','lane_middle','5'),('17791627|6',78,'2','1','3','lane_left','3'),('17791628|6',68,'5','2','1','lane_middle','5'),('17791628|6',75,'5','1','1','lane_left','3'),('17791628|6',76,'2','2','3','lane_middle','5'),('17791628|6',78,'2','1','3','lane_left','3'),('17791629|6',68,'5','2','1','lane_middle','5'),('17791629|6',76,'2','2','3','lane_middle','5'),('17791629|6',78,'2','1','3','lane_left','3'),('17791630|6',68,'5','2','1','lane_middle','5'),('17791630|6',76,'2','2','3','lane_middle','5'),('17791630|6',78,'2','1','3','lane_left','3'),('17791631|6',68,'5','2','1','lane_middle','5'),('17791631|6',76,'2','2','3','lane_middle','5'),('17791631|6',78,'2','1','3','lane_left','3'),('17791632|6',68,'5','2','1','lane_middle','5'),('17791632|6',76,'2','2','3','lane_middle','5'),('17791632|6',78,'2','1','3','lane_left','3'),('17791633|6',68,'5','2','1','lane_middle','5'),('17791633|6',76,'2','2','3','lane_middle','5'),('17791633|6',78,'2','1','3','lane_left','3'),('17791634|6',68,'5','2','1','lane_middle','5'),('17791634|6',76,'2','2','3','lane_middle','5'),('17791634|6',78,'2','1','3','lane_left','3'),('17791635|6',68,'4','2','1','lane_middle','5'),('17791635|6',76,'2','2','3','lane_middle','5'),('17791635|6',78,'2','1','3','lane_left','3'),('17791636|6',68,'5','2','1','lane_middle','5'),('17791636|6',76,'2','2','3','lane_middle','5'),('17791636|6',78,'2','1','3','lane_left','3'),('17791637|6',68,'5','2','1','lane_middle','5'),('17791637|6',76,'2','2','3','lane_middle','5'),('17791637|6',78,'2','1','2','lane_left','3'),('17791638|6',68,'4','2','1','lane_middle','5'),('17791638|6',76,'1','2','3','lane_middle','5'),('17791638|6',78,'2','1','2','lane_left','3'),('17791639|6',68,'5','2','1','lane_middle','5'),('17791639|6',76,'2','2','3','lane_middle','5'),('17791639|6',78,'2','1','2','lane_left','3'),('17791640|6',68,'4','2','1','lane_middle','5'),('17791640|6',76,'1','2','3','lane_middle','5'),('17791640|6',78,'2','1','2','lane_left','4'),('17791641|6',68,'4','2','1','lane_middle','5'),('17791641|6',76,'2','2','3','lane_middle','5'),('17791641|6',78,'2','1','2','lane_left','4'),('17791642|6',68,'4','2','1','lane_middle','5'),('17791642|6',76,'1','2','3','lane_middle','5'),('17791642|6',78,'2','1','3','lane_left','4'),('17791643|6',68,'4','2','1','lane_middle','5'),('17791643|6',76,'1','2','3','lane_middle','5'),('17791643|6',78,'2','1','2','lane_left','4'),('17791644|6',68,'4','2','1','lane_middle','4'),('17791644|6',76,'1','2','3','lane_middle','5'),('17791644|6',78,'2','1','2','lane_left','4'),('17791645|6',68,'4','2','1','lane_middle','4'),('17791645|6',76,'1','3','3','lane_middle','5'),('17791645|6',78,'2','1','2','lane_left','4'),('17791646|6',68,'4','1','1','lane_middle','4'),('17791646|6',76,'1','3','3','lane_middle','5'),('17791646|6',78,'2','1','2','lane_middle','4'),('17791647|6',68,'4','1','1','lane_middle','3'),('17791647|6',76,'1','3','3','lane_middle','5'),('17791647|6',78,'2','1','2','lane_left','4'),('17791648|6',68,'4','1','1','lane_middle','3'),('17791648|6',76,'1','3','4','lane_middle','5'),('17791648|6',78,'2','2','2','lane_left','4'),('17791649|6',68,'4','1','1','lane_middle','3'),('17791649|6',76,'1','3','3','lane_middle','5'),('17791649|6',78,'2','2','2','lane_left','4'),('17791650|6',68,'4','1','1','lane_middle','3'),('17791650|6',76,'1','3','4','lane_middle','5'),('17791650|6',78,'3','2','2','lane_left','4'),('17791651|6',68,'4','1','1','lane_middle','2'),('17791651|6',76,'1','3','3','lane_middle','5'),('17791651|6',78,'2','2','2','lane_left','4'),('17791652|6',68,'4','1','1','lane_middle','2'),('17791652|6',76,'1','3','4','lane_middle','5'),('17791652|6',78,'3','2','2','lane_middle','4'),('17791653|6',68,'3','1','1','lane_middle','2'),('17791653|6',76,'1','3','4','lane_middle','5'),('17791653|6',78,'3','2','2','lane_left','4'),('17791654|6',68,'3','1','2','lane_middle','2'),('17791654|6',76,'1','3','4','lane_middle','5'),('17791654|6',78,'3','2','2','lane_middle','4'),('17791655|6',68,'3','1','2','lane_middle','1'),('17791655|6',76,'1','3','4','lane_middle','5'),('17791655|6',78,'3','2','2','lane_left','4'),('17791656|6',68,'3','1','2','lane_middle','1'),('17791656|6',76,'1','3','4','lane_middle','5'),('17791656|6',78,'3','2','2','lane_left','4'),('17791657|6',68,'3','1','2','lane_middle','1'),('17791657|6',76,'1','3','4','lane_middle','5'),('17791657|6',78,'3','2','2','lane_left','4'),('17791658|6',68,'3','1','2','lane_middle','1'),('17791658|6',76,'1','3','4','lane_middle','5'),('17791658|6',78,'3','2','2','lane_left','4'),('17791659|6',68,'2','1','2','lane_middle','1'),('17791659|6',76,'1','3','4','lane_middle','5'),('17791659|6',78,'3','2','2','lane_middle','4'),('17791660|6',68,'2','1','2','lane_middle','1'),('17791660|6',76,'1','3','4','lane_middle','5'),('17791660|6',78,'3','2','2','lane_left','4'),('17791661|6',68,'2','1','2','lane_middle','1'),('17791661|6',76,'1','3','4','lane_middle','5'),('17791661|6',78,'3','2','2','lane_left','4'),('17791662|6',68,'2','1','3','lane_middle','1'),('17791662|6',76,'1','3','4','lane_middle','5'),('17791662|6',78,'3','2','1','lane_left','4'),('17791663|6',68,'2','1','3','lane_middle','1'),('17791663|6',76,'1','3','4','lane_middle','5'),('17791663|6',78,'3','2','2','lane_middle','4'),('17791664|6',68,'2','1','3','lane_middle','1'),('17791664|6',76,'1','3','4','lane_middle','5'),('17791664|6',78,'3','2','1','lane_left','4'),('17791665|6',68,'1','1','3','lane_middle','1'),('17791665|6',76,'1','3','4','lane_middle','5'),('17791665|6',78,'4','2','1','lane_left','4'),('17791666|6',68,'1','1','3','lane_middle','1'),('17791666|6',76,'1','3','4','lane_middle','5'),('17791666|6',78,'3','2','1','lane_left','4'),('17791667|6',68,'1','1','4','lane_middle','1'),('17791667|6',76,'1','3','4','lane_middle','5'),('17791667|6',78,'4','2','1','lane_left','4'),('17791668|6',68,'1','1','4','lane_middle','1'),('17791668|6',76,'1','3','4','lane_middle','5'),('17791668|6',78,'3','2','1','lane_middle','4'),('17791669|6',68,'1','1','4','lane_middle','1'),('17791669|6',76,'1','3','4','lane_middle','5'),('17791669|6',78,'4','2','1','lane_left','4'),('17791670|6',68,'1','1','4','lane_middle','1'),('17791670|6',76,'1','3','4','lane_middle','5'),('17791670|6',78,'4','2','1','lane_left','4'),('17791671|6',68,'1','1','4','lane_middle','1'),('17791671|6',76,'1','3','4','lane_middle','5'),('17791671|6',78,'4','2','1','lane_left','4'),('17791672|6',68,'1','1','4','lane_middle','1'),('17791672|6',76,'1','3','4','lane_middle','5'),('17791672|6',78,'4','2','1','lane_left','4'),('17791673|6',68,'1','1','5','lane_middle','1'),('17791673|6',76,'1','4','4','lane_middle','5'),('17791673|6',78,'4','2','1','lane_middle','4'),('17791674|6',68,'1','1','4','lane_middle','1'),('17791674|6',76,'1','4','4','lane_middle','5'),('17791674|6',78,'4','2','1','lane_left','4'),('17791675|6',68,'1','1','4','lane_middle','1'),('17791675|6',76,'1','4','4','lane_middle','5'),('17791675|6',78,'4','2','1','lane_left','4'),('17791676|6',68,'1','1','5','lane_middle','1'),('17791676|6',76,'1','4','4','lane_middle','5'),('17791676|6',78,'4','2','1','lane_middle','4'),('17791677|6',68,'1','1','5','lane_middle','1'),('17791677|6',76,'1','4','4','lane_middle','5'),('17791677|6',78,'4','2','1','lane_left','4'),('17791678|6',68,'1','1','4','lane_middle','1'),('17791678|6',76,'1','4','4','lane_middle','5'),('17791678|6',78,'4','2','1','lane_left','4'),('17791679|6',68,'1','1','4','lane_middle','1'),('17791679|6',76,'1','4','4','lane_middle','5'),('17791679|6',78,'4','2','1','lane_middle','4'),('17791680|6',68,'1','1','4','lane_middle','1'),('17791680|6',76,'1','4','4','lane_middle','5'),('17791680|6',78,'4','2','1','lane_left','4'),('17791681|6',68,'1','1','4','lane_middle','1'),('17791681|6',76,'1','4','4','lane_middle','5'),('17791681|6',78,'4','2','1','lane_left','4'),('17791682|6',68,'1','1','4','lane_middle','1'),('17791682|6',76,'1','4','4','lane_middle','5'),('17791682|6',78,'4','2','1','lane_middle','4'),('17791683|6',68,'1','1','4','lane_middle','1'),('17791683|6',76,'1','4','4','lane_middle','5'),('17791683|6',78,'4','2','1','lane_left','4'),('17791684|6',68,'1','1','4','lane_middle','1'),('17791684|6',76,'1','4','4','lane_middle','5'),('17791684|6',78,'4','2','1','lane_left','4'),('17791685|6',68,'1','1','4','lane_middle','1'),('17791685|6',76,'1','4','4','lane_middle','5'),('17791685|6',78,'4','2','1','lane_middle','4'),('17791686|6',68,'1','1','4','lane_middle','1'),('17791686|6',76,'1','4','4','lane_middle','5'),('17791686|6',78,'4','2','1','lane_middle','4'),('17791687|6',68,'1','1','3','lane_middle','1'),('17791687|6',76,'1','4','4','lane_middle','5'),('17791687|6',78,'4','2','1','lane_left','4'),('17791688|6',68,'2','1','3','lane_middle','1'),('17791688|6',76,'1','4','4','lane_middle','5'),('17791688|6',78,'5','2','1','lane_middle','4'),('17791689|6',68,'2','1','3','lane_middle','1'),('17791689|6',76,'1','4','4','lane_middle','5'),('17791689|6',78,'4','2','1','lane_middle','4'),('17791690|6',68,'2','1','2','lane_middle','1'),('17791690|6',76,'1','4','4','lane_middle','5'),('17791690|6',78,'5','2','1','lane_middle','4'),('17791691|6',68,'2','1','2','lane_middle','1'),('17791691|6',76,'1','4','4','lane_middle','5'),('17791691|6',78,'4','2','1','lane_left','4'),('17791692|6',68,'2','1','2','lane_middle','1'),('17791692|6',70,'5','1','1','lane_middle','2'),('17791692|6',76,'1','4','4','lane_middle','5'),('17791692|6',78,'5','2','1','lane_middle','4'),('17791693|6',68,'2','1','2','lane_middle','1'),('17791693|6',70,'5','1','1','lane_middle','2'),('17791693|6',76,'1','4','4','lane_middle','5'),('17791693|6',78,'5','3','1','lane_middle','4'),('17791694|6',68,'2','1','2','lane_middle','1'),('17791694|6',70,'5','1','1','lane_middle','3'),('17791694|6',76,'1','4','4','lane_middle','5'),('17791694|6',78,'5','3','1','lane_left','4'),('17791695|6',68,'2','1','2','lane_middle','1'),('17791695|6',70,'5','1','1','lane_middle','3'),('17791695|6',76,'1','4','4','lane_middle','5'),('17791695|6',78,'5','3','1','lane_middle','4'),('17791696|6',68,'3','1','2','lane_middle','1'),('17791696|6',70,'5','1','1','lane_middle','3'),('17791696|6',76,'1','4','4','lane_middle','5'),('17791696|6',78,'5','3','1','lane_middle','4'),('17791697|6',68,'3','1','2','lane_middle','1'),('17791697|6',70,'5','1','1','lane_middle','3'),('17791697|6',76,'1','4','4','lane_middle','5'),('17791697|6',78,'5','3','1','lane_middle','4'),('17791698|6',68,'3','1','2','lane_middle','1'),('17791698|6',70,'5','1','1','lane_middle','3'),('17791698|6',76,'1','4','4','lane_middle','5'),('17791698|6',78,'5','3','1','lane_left','4'),('17791699|6',68,'3','1','2','lane_middle','1'),('17791699|6',70,'5','2','1','lane_middle','3'),('17791699|6',76,'1','4','4','lane_middle','5'),('17791699|6',78,'5','3','1','lane_middle','4'),('17791700|6',68,'3','1','2','lane_middle','1'),('17791700|6',70,'5','2','1','lane_middle','3'),('17791700|6',76,'1','4','4','lane_middle','5'),('17791700|6',78,'5','3','1','lane_middle','4'),('17794829|0',2,'1','4','4','lane_middle','4'),('17794829|0',4,'1','3','5','lane_middle','3'),('17794831|0',2,'1','4','4','lane_right','4'),('17794831|0',4,'1','3','5','lane_middle','3'),('17794832|0',2,'1','4','4','lane_middle','4'),('17794832|0',4,'1','3','4','lane_middle','3'),('17794833|0',2,'1','4','4','lane_middle','4'),('17794833|0',4,'1','3','5','lane_middle','3'),('17794834|0',2,'1','4','4','lane_right','4'),('17794834|0',4,'1','4','4','lane_middle','3'),('17794835|0',2,'1','4','4','lane_middle','4'),('17794835|0',4,'1','3','4','lane_middle','3'),('17794836|0',2,'1','4','4','lane_middle','4'),('17794836|0',4,'1','3','4','lane_middle','3'),('17794837|0',2,'1','4','3','lane_right','4'),('17794837|0',4,'1','3','4','lane_middle','3'),('17794838|0',2,'1','5','4','lane_middle','4'),('17794838|0',4,'1','4','5','lane_middle','3'),('17794839|0',2,'1','4','4','lane_middle','4'),('17794839|0',4,'1','4','5','lane_middle','3'),('17794840|0',2,'1','5','4','lane_middle','4'),('17794840|0',4,'1','4','4','lane_middle','3'),('17794841|0',2,'1','5','4','lane_middle','4'),('17794841|0',4,'1','4','4','lane_middle','3'),('17794842|0',2,'1','5','4','lane_middle','4'),('17794842|0',4,'1','4','5','lane_middle','3'),('17794843|0',2,'1','5','4','lane_middle','4'),('17794843|0',4,'1','4','4','lane_middle','3'),('17794844|0',2,'1','5','4','lane_right','4'),('17794844|0',4,'1','4','4','lane_middle','3'),('17794845|0',2,'1','5','4','lane_right','4'),('17794845|0',4,'1','4','5','lane_middle','3'),('17794846|0',2,'1','5','4','lane_middle','4'),('17794846|0',4,'1','4','5','lane_middle','3'),('17794847|0',2,'1','5','4','lane_middle','4'),('17794847|0',4,'1','4','5','lane_middle','3'),('17794848|0',2,'1','5','4','lane_middle','4'),('17794848|0',4,'1','4','5','lane_middle','3'),('17794849|0',2,'1','4','4','lane_middle','4'),('17794849|0',4,'1','3','4','lane_middle','3'),('17794850|0',2,'1','4','3','lane_right','4'),('17794850|0',4,'1','3','5','lane_middle','3'),('17794851|0',2,'1','4','4','lane_right','4'),('17794851|0',4,'1','3','4','lane_middle','3'),('17794852|0',2,'1','4','3','lane_right','4'),('17794852|0',4,'1','3','4','lane_middle','3'),('17794853|0',2,'1','4','4','lane_middle','4'),('17794853|0',4,'1','3','5','lane_middle','3'),('17794854|0',2,'1','4','4','lane_middle','4'),('17794854|0',4,'1','3','5','lane_middle','3'),('17794855|0',2,'1','4','4','lane_middle','4'),('17794855|0',4,'1','3','5','lane_middle','3'),('17794856|0',2,'1','4','4','lane_middle','4'),('17794856|0',4,'1','3','5','lane_middle','3'),('17794857|0',2,'1','4','3','lane_right','4'),('17794857|0',4,'1','3','5','lane_middle','3'),('17794858|0',2,'1','4','4','lane_middle','4'),('17794858|0',4,'1','3','5','lane_middle','3'),('17794859|0',2,'1','4','4','lane_middle','4'),('17794859|0',4,'1','3','5','lane_middle','3'),('17794860|0',2,'1','4','4','lane_middle','4'),('17794860|0',4,'1','3','4','lane_middle','3'),('17794861|0',2,'1','4','4','lane_middle','4'),('17794861|0',4,'1','3','5','lane_middle','3'),('17794862|0',2,'1','4','4','lane_middle','4'),('17794862|0',4,'1','2','4','lane_middle','3'),('17794863|0',2,'1','4','4','lane_middle','4'),('17794863|0',4,'1','3','4','lane_middle','4'),('17794864|0',2,'1','4','4','lane_middle','5'),('17794864|0',4,'1','3','4','lane_middle','4'),('17794865|0',2,'1','4','4','lane_middle','5'),('17794865|0',4,'1','3','4','lane_middle','4'),('17794866|0',2,'1','4','4','lane_middle','5'),('17794866|0',4,'1','3','5','lane_middle','4'),('17794867|0',2,'1','4','4','lane_middle','5'),('17794867|0',4,'1','3','4','lane_middle','4'),('17794868|0',2,'1','4','4','lane_middle','5'),('17794868|0',4,'1','3','5','lane_middle','4'),('17794869|0',2,'1','4','4','lane_middle','5'),('17794869|0',4,'1','3','4','lane_middle','4'),('17794870|0',2,'1','4','4','lane_middle','5'),('17794870|0',4,'1','3','4','lane_middle','4'),('17794871|0',2,'1','4','3','lane_middle','5'),('17794871|0',4,'1','3','4','lane_middle','4'),('17794872|0',2,'1','5','3','lane_middle','5'),('17794872|0',4,'1','3','4','lane_middle','4'),('17794873|0',2,'1','5','3','lane_middle','5'),('17794873|0',4,'1','3','4','lane_middle','4'),('17794874|0',2,'1','5','4','lane_middle','5'),('17794874|0',4,'1','3','4','lane_middle','4'),('17794875|0',2,'1','5','4','lane_middle','5'),('17794875|0',4,'1','3','4','lane_middle','4'),('17794876|0',2,'1','5','4','lane_middle','5'),('17794876|0',4,'1','3','4','lane_middle','4'),('17838841|2',18,'3','2','2','lane_middle','2'),('17838841|2',19,'3','2','2','lane_middle','1'),('17838841|2',20,'3','2','1','lane_right','1'),('17838841|2',21,'4','5','1','lane_middle','4'),('17838841|2',22,'4','5','1','lane_middle','4'),('17838841|2',23,'5','5','1','lane_middle','4'),('17838841|2',24,'5','5','1','lane_right','4'),('17838843|2',18,'3','2','2','lane_middle','2'),('17838843|2',19,'3','2','2','lane_middle','1'),('17838843|2',20,'3','2','1','lane_right','1'),('17838843|2',21,'4','5','1','lane_middle','4'),('17838843|2',22,'4','5','1','lane_middle','4'),('17838843|2',23,'5','5','1','lane_middle','4'),('17838843|2',24,'5','5','1','lane_right','4'),('17838844|2',18,'3','2','2','lane_middle','2'),('17838844|2',19,'3','2','2','lane_middle','1'),('17838844|2',20,'3','2','1','lane_right','1'),('17838844|2',21,'4','5','1','lane_middle','4'),('17838844|2',22,'4','5','1','lane_middle','4'),('17838844|2',23,'5','5','1','lane_middle','4'),('17838844|2',24,'5','5','1','lane_right','4'),('17838845|2',18,'3','3','2','lane_middle','2'),('17838845|2',19,'3','2','2','lane_middle','1'),('17838845|2',20,'3','2','1','lane_right','1'),('17838845|2',21,'5','5','1','lane_middle','4'),('17838845|2',22,'4','5','1','lane_middle','4'),('17838845|2',23,'5','5','1','lane_middle','4'),('17838845|2',24,'5','5','1','lane_right','4'),('17838846|2',18,'3','2','2','lane_middle','2'),('17838846|2',19,'3','2','1','lane_middle','1'),('17838846|2',20,'4','2','1','lane_right','1'),('17838846|2',21,'4','5','1','lane_middle','4'),('17838846|2',22,'4','5','1','lane_middle','4'),('17838846|2',23,'5','5','1','lane_middle','4'),('17838846|2',24,'5','5','1','lane_right','4'),('17838847|2',18,'3','2','2','lane_middle','2'),('17838847|2',19,'3','2','1','lane_middle','1'),('17838847|2',20,'4','2','1','lane_right','1'),('17838847|2',21,'5','5','1','lane_middle','4'),('17838847|2',22,'4','5','1','lane_middle','4'),('17838847|2',23,'5','5','1','lane_middle','4'),('17838847|2',24,'5','5','1','lane_right','4'),('17838848|2',18,'3','2','2','lane_middle','2'),('17838848|2',19,'3','2','1','lane_middle','1'),('17838848|2',20,'4','2','1','lane_right','1'),('17838848|2',21,'5','5','1','lane_middle','4'),('17838848|2',22,'4','5','1','lane_middle','4'),('17838848|2',23,'5','5','1','lane_middle','4'),('17838848|2',24,'5','5','1','lane_right','4'),('17838849|2',18,'3','2','2','lane_middle','2'),('17838849|2',19,'4','1','1','lane_middle','1'),('17838849|2',20,'4','1','1','lane_right','1'),('17838849|2',21,'5','5','1','lane_middle','4'),('17838849|2',22,'4','5','1','lane_middle','4'),('17838849|2',23,'5','5','1','lane_middle','4'),('17838849|2',24,'5','5','1','lane_right','4'),('17838850|2',18,'3','2','2','lane_middle','2'),('17838850|2',19,'4','1','1','lane_middle','1'),('17838850|2',20,'4','1','1','lane_right','1'),('17838850|2',21,'5','5','1','lane_middle','4'),('17838850|2',22,'4','5','1','lane_middle','4'),('17838850|2',23,'5','5','1','lane_middle','4'),('17838850|2',24,'5','5','1','lane_right','4'),('17838851|2',18,'3','2','2','lane_middle','2'),('17838851|2',19,'4','1','1','lane_middle','1'),('17838851|2',20,'4','1','1','lane_right','1'),('17838851|2',21,'5','4','1','lane_middle','4'),('17838851|2',22,'5','5','1','lane_middle','4'),('17838851|2',23,'5','5','1','lane_middle','4'),('17838851|2',24,'5','5','1','lane_middle','4'),('17838852|2',18,'3','2','2','lane_middle','2'),('17838852|2',19,'4','1','1','lane_middle','1'),('17838852|2',20,'4','1','1','lane_right','1'),('17838852|2',21,'5','5','1','lane_middle','4'),('17838852|2',22,'4','5','1','lane_middle','4'),('17838852|2',23,'5','5','1','lane_middle','4'),('17838852|2',24,'5','5','1','lane_middle','4'),('17838853|2',18,'3','2','2','lane_middle','2'),('17838853|2',19,'4','1','1','lane_middle','1'),('17838853|2',20,'4','1','1','lane_right','1'),('17838853|2',21,'5','4','1','lane_middle','4'),('17838853|2',22,'5','5','1','lane_middle','4'),('17838853|2',23,'5','5','1','lane_middle','5'),('17838853|2',24,'5','5','1','lane_middle','4'),('17838854|2',18,'3','2','2','lane_middle','2'),('17838854|2',19,'4','1','1','lane_middle','1'),('17838854|2',20,'4','1','1','lane_right','1'),('17838854|2',21,'5','4','1','lane_middle','4'),('17838854|2',22,'5','5','1','lane_middle','4'),('17838854|2',24,'5','5','1','lane_middle','4'),('17838855|2',18,'3','2','2','lane_middle','2'),('17838855|2',19,'4','1','1','lane_middle','1'),('17838855|2',20,'4','1','1','lane_right','1'),('17838855|2',21,'5','4','1','lane_middle','4'),('17838855|2',22,'5','4','1','lane_middle','4'),('17838855|2',24,'5','4','1','lane_middle','4'),('17838856|2',18,'3','2','2','lane_middle','2'),('17838856|2',19,'4','1','1','lane_middle','1'),('17838856|2',20,'4','1','1','lane_right','1'),('17838856|2',21,'5','4','1','lane_middle','4'),('17838856|2',22,'5','4','1','lane_middle','4'),('17838856|2',24,'5','4','1','lane_middle','4'),('17838857|2',18,'3','2','1','lane_middle','2'),('17838857|2',19,'4','1','1','lane_middle','1'),('17838857|2',20,'5','1','1','lane_right','1'),('17838857|2',21,'5','4','1','lane_middle','4'),('17838857|2',22,'5','4','1','lane_middle','4'),('17838857|2',24,'5','4','1','lane_middle','4'),('17838858|2',18,'3','2','1','lane_middle','2'),('17838858|2',19,'4','1','1','lane_middle','1'),('17838858|2',20,'5','1','1','lane_right','1'),('17838858|2',21,'5','4','1','lane_left','4'),('17838858|2',22,'5','4','1','lane_middle','4'),('17838858|2',24,'5','4','1','lane_middle','4'),('17838859|2',21,'5','4','1','lane_left','4'),('17838859|2',22,'5','4','1','lane_middle','4'),('17838859|2',24,'5','4','1','lane_middle','4'),('17838860|2',21,'5','4','1','lane_left','4'),('17838860|2',22,'5','4','1','lane_middle','4'),('17838860|2',24,'5','4','1','lane_middle','4'),('17838861|2',21,'5','4','1','lane_left','4'),('17838861|2',22,'5','4','1','lane_middle','4'),('17838861|2',24,'5','4','1','lane_middle','4'),('17838862|2',21,'5','4','1','lane_left','4'),('17838862|2',22,'5','4','1','lane_middle','4'),('17838862|2',24,'5','4','1','lane_middle','4'),('17838863|2',21,'5','4','1','lane_left','4'),('17838863|2',22,'5','4','1','lane_middle','4'),('17838863|2',24,'5','4','1','lane_middle','4'),('17838864|2',21,'5','4','1','lane_left','4'),('17838864|2',22,'5','4','1','lane_middle','4'),('17838864|2',24,'5','4','1','lane_middle','4'),('17838865|2',21,'5','4','1','lane_left','4'),('17838865|2',22,'5','4','1','lane_middle','4'),('17838865|2',24,'5','4','1','lane_middle','4'),('17838866|2',21,'5','4','1','lane_left','4'),('17838866|2',22,'5','4','1','lane_middle','4'),('17838866|2',24,'5','4','1','lane_middle','4'),('17838867|2',21,'5','4','1','lane_left','4'),('17838867|2',22,'5','4','1','lane_middle','4'),('17838867|2',24,'5','4','1','lane_middle','4'),('17838868|2',21,'5','4','1','lane_left','4'),('17838868|2',22,'5','4','1','lane_middle','4'),('17838868|2',24,'5','4','1','lane_middle','4'),('17838869|2',21,'5','4','1','lane_left','4'),('17838869|2',22,'5','4','1','lane_middle','4'),('17838869|2',24,'5','4','1','lane_middle','4'),('17838870|2',21,'5','4','1','lane_left','4'),('17838870|2',22,'5','4','1','lane_middle','4'),('17838870|2',24,'5','4','1','lane_middle','4'),('17838871|2',21,'5','4','1','lane_left','4'),('17838871|2',22,'5','4','1','lane_middle','4'),('17838871|2',24,'5','4','1','lane_middle','4'),('17838872|2',21,'5','4','1','lane_left','4'),('17838872|2',22,'5','4','1','lane_middle','4'),('17838872|2',24,'5','4','1','lane_middle','4'),('17838873|2',21,'5','4','1','lane_left','4'),('17838873|2',22,'5','4','1','lane_middle','5'),('17838873|2',24,'5','4','1','lane_middle','5'),('17838874|2',21,'5','4','1','lane_left','4'),('17838874|2',22,'5','4','1','lane_middle','5'),('17838874|2',24,'5','4','1','lane_middle','5'),('17838875|2',21,'5','4','1','lane_left','4'),('17838875|2',22,'5','4','1','lane_middle','5'),('17838875|2',24,'5','4','1','lane_middle','5'),('17838876|2',21,'5','4','1','lane_left','4'),('17838876|2',22,'5','4','1','lane_middle','5'),('17838876|2',24,'5','4','1','lane_middle','5'),('17838877|2',21,'5','4','1','lane_left','5'),('17838877|2',22,'5','4','1','lane_middle','5'),('17838877|2',24,'5','4','1','lane_middle','5'),('17838878|2',21,'5','4','1','lane_left','5'),('17838878|2',22,'5','4','1','lane_middle','5'),('17838878|2',24,'5','4','1','lane_middle','5'),('17838879|2',21,'5','4','1','lane_left','5'),('17838879|2',22,'5','4','1','lane_middle','5'),('17838879|2',24,'5','4','1','lane_middle','5'),('17838880|2',21,'5','4','1','lane_left','5'),('17838880|2',22,'5','4','1','lane_middle','5'),('17838880|2',24,'5','4','1','lane_middle','5'),('17838881|2',21,'5','4','1','lane_left','5'),('17838881|2',22,'5','4','1','lane_middle','5'),('17838881|2',24,'5','4','1','lane_middle','5'),('17838882|2',21,'5','4','1','lane_left','5'),('17838882|2',22,'5','4','1','lane_middle','5'),('17838882|2',24,'5','4','1','lane_middle','5'),('17838883|2',21,'5','4','1','lane_left','5'),('17838883|2',22,'5','4','1','lane_middle','5'),('17838883|2',24,'5','4','1','lane_middle','5'),('17838884|2',21,'5','4','1','lane_left','5'),('17838884|2',22,'5','4','1','lane_middle','5'),('17838884|2',24,'5','4','1','lane_middle','5'),('17838885|2',21,'5','4','1','lane_left','5'),('17838885|2',22,'5','4','1','lane_middle','5'),('17838885|2',24,'5','4','1','lane_middle','5'),('17838886|2',21,'5','4','1','lane_left','5'),('17838886|2',22,'5','5','1','lane_middle','5'),('17838886|2',24,'5','5','1','lane_middle','5'),('17838887|2',21,'5','4','1','lane_left','5'),('17838887|2',22,'5','5','1','lane_middle','5'),('17838887|2',24,'5','5','1','lane_middle','5'),('17838888|2',21,'5','4','1','lane_left','5'),('17838889|2',21,'5','4','1','lane_left','5'),('17838889|2',22,'5','5','1','lane_middle','5'),('17838889|2',24,'5','5','1','lane_middle','5'),('17838890|2',21,'5','4','1','lane_left','5'),('17838891|2',21,'5','4','1','lane_left','5'),('17838892|2',21,'5','4','1','lane_left','5'),('17838893|2',21,'5','4','1','lane_left','5'),('17838894|2',21,'5','4','1','lane_left','5'),('17838895|2',21,'5','4','1','lane_left','5'),('17838896|2',21,'5','4','1','lane_left','5'),('17838897|2',21,'5','4','1','lane_left','5'),('17838898|2',21,'5','4','1','lane_left','5'),('17838899|2',21,'5','4','1','lane_left','5'),('17838908|2',18,'5','3','1','lane_middle','3'),('17839044|3',25,'2','4','2','lane_left','5'),('17839044|3',27,'2','2','3','lane_middle','3'),('17839044|3',30,'2','2','2','lane_left','4'),('17839046|3',25,'2','4','2','lane_left','5'),('17839046|3',27,'2','2','3','lane_middle','3'),('17839046|3',30,'2','2','2','lane_left','4'),('17839047|3',25,'2','4','2','lane_left','5'),('17839047|3',27,'2','2','3','lane_middle','3'),('17839047|3',30,'2','2','2','lane_left','4'),('17839048|3',25,'2','4','2','lane_left','5'),('17839048|3',27,'2','2','3','lane_middle','3'),('17839048|3',30,'2','2','3','lane_left','4'),('17839049|3',25,'2','4','2','lane_left','5'),('17839049|3',27,'2','2','2','lane_middle','3'),('17839049|3',30,'2','2','3','lane_left','4'),('17839050|3',25,'2','4','2','lane_left','6'),('17839050|3',27,'2','2','3','lane_middle','3'),('17839050|3',30,'2','2','3','lane_left','4'),('17839051|3',25,'2','4','2','lane_left','6'),('17839051|3',27,'2','2','2','lane_middle','3'),('17839051|3',30,'2','2','3','lane_left','4'),('17839052|3',25,'2','4','2','lane_left','6'),('17839052|3',27,'2','2','2','lane_middle','3'),('17839052|3',30,'2','2','3','lane_left','4'),('17839053|3',25,'2','4','2','lane_left','6'),('17839053|3',27,'2','2','2','lane_middle','3'),('17839053|3',30,'2','2','3','lane_left','4'),('17839054|3',25,'2','4','2','lane_left','6'),('17839054|3',27,'2','2','2','lane_middle','3'),('17839054|3',30,'2','2','3','lane_left','4'),('17839055|3',25,'2','5','2','lane_left','6'),('17839055|3',27,'2','2','2','lane_middle','3'),('17839055|3',30,'2','2','3','lane_left','4'),('17839056|3',25,'2','5','2','lane_left','6'),('17839056|3',27,'2','2','2','lane_middle','3'),('17839056|3',30,'2','2','3','lane_left','4'),('17839057|3',25,'2','5','2','lane_left','6'),('17839057|3',27,'2','2','2','lane_middle','3'),('17839057|3',30,'2','2','3','lane_left','4'),('17839058|3',25,'2','5','2','lane_left','6'),('17839058|3',27,'2','2','2','lane_middle','3'),('17839058|3',30,'2','3','3','lane_left','4'),('17839059|3',25,'2','5','2','lane_left','6'),('17839059|3',27,'2','2','2','lane_middle','3'),('17839059|3',30,'2','3','3','lane_left','4'),('17839060|3',25,'2','5','2','lane_left','6'),('17839060|3',27,'2','2','2','lane_middle','3'),('17839060|3',30,'2','3','3','lane_middle','4'),('17839061|3',25,'2','5','2','lane_left','6'),('17839061|3',27,'2','2','2','lane_middle','4'),('17839061|3',30,'1','3','3','lane_middle','4'),('17839062|3',25,'2','5','2','lane_left','6'),('17839062|3',27,'2','2','2','lane_middle','4'),('17839062|3',30,'2','3','3','lane_middle','4'),('17839063|3',25,'2','5','2','lane_left','6'),('17839063|3',27,'2','2','2','lane_middle','4'),('17839063|3',30,'1','3','3','lane_middle','4'),('17839064|3',25,'2','5','2','lane_left','6'),('17839064|3',27,'2','2','2','lane_middle','4'),('17839064|3',30,'2','3','3','lane_middle','4'),('17839065|3',25,'2','5','2','lane_left','6'),('17839065|3',27,'2','3','2','lane_middle','4'),('17839065|3',30,'1','3','3','lane_middle','4'),('17839066|3',25,'2','5','2','lane_left','6'),('17839066|3',27,'2','3','2','lane_middle','4'),('17839066|3',30,'2','3','3','lane_middle','4'),('17839067|3',25,'2','5','2','lane_left','6'),('17839067|3',27,'2','3','2','lane_middle','4'),('17839067|3',30,'1','3','3','lane_middle','4'),('17839068|3',25,'2','5','2','lane_left','6'),('17839068|3',27,'3','3','2','lane_middle','4'),('17839068|3',30,'1','3','3','lane_middle','4'),('17839069|3',25,'2','5','2','lane_left','6'),('17839069|3',27,'3','3','2','lane_middle','4'),('17839069|3',30,'1','3','3','lane_middle','4'),('17839070|3',25,'2','5','2','lane_left','6'),('17839070|3',27,'3','3','2','lane_middle','4'),('17839070|3',30,'1','3','3','lane_middle','4'),('17839071|3',25,'2','5','2','lane_left','6'),('17839071|3',27,'3','3','2','lane_middle','4'),('17839071|3',30,'1','3','3','lane_middle','4'),('17839072|3',25,'2','5','2','lane_left','6'),('17839072|3',27,'3','3','2','lane_middle','4'),('17839072|3',30,'1','3','3','lane_middle','4'),('17839073|3',25,'3','5','2','lane_left','6'),('17839073|3',27,'3','3','2','lane_middle','4'),('17839073|3',30,'1','3','3','lane_middle','4'),('17839074|3',25,'2','5','2','lane_left','6'),('17839074|3',27,'3','3','2','lane_middle','4'),('17839074|3',30,'1','4','3','lane_middle','4'),('17839075|3',25,'2','5','2','lane_left','5'),('17839075|3',27,'3','3','2','lane_middle','4'),('17839075|3',30,'1','4','3','lane_middle','4'),('17839076|3',25,'2','5','2','lane_left','5'),('17839076|3',27,'3','4','2','lane_middle','4'),('17839076|3',30,'1','4','3','lane_middle','4'),('17839077|3',25,'2','5','2','lane_left','5'),('17839077|3',27,'3','4','2','lane_middle','4'),('17839077|3',30,'1','4','3','lane_middle','4'),('17839078|3',25,'2','5','2','lane_left','5'),('17839078|3',27,'3','4','2','lane_middle','4'),('17839078|3',30,'1','4','3','lane_middle','4'),('17839079|3',25,'3','5','2','lane_left','5'),('17839079|3',27,'3','4','2','lane_middle','4'),('17839079|3',30,'1','4','3','lane_middle','5'),('17839080|3',25,'2','5','2','lane_left','5'),('17839080|3',27,'3','4','2','lane_middle','4'),('17839080|3',30,'1','4','3','lane_middle','5'),('17839081|3',25,'3','5','2','lane_left','5'),('17839081|3',27,'3','4','2','lane_middle','4'),('17839081|3',30,'1','4','3','lane_middle','5'),('17839082|3',25,'3','5','2','lane_left','5'),('17839082|3',27,'3','4','2','lane_middle','4'),('17839082|3',30,'1','4','3','lane_middle','5'),('17839083|3',25,'3','5','2','lane_left','5'),('17839083|3',27,'3','4','2','lane_middle','4'),('17839083|3',30,'1','4','3','lane_middle','5'),('17839084|3',25,'3','5','2','lane_left','5'),('17839084|3',27,'3','4','2','lane_middle','4'),('17839084|3',30,'1','4','3','lane_middle','5'),('17839085|3',25,'3','5','2','lane_left','5'),('17839085|3',27,'3','4','2','lane_middle','4'),('17839085|3',30,'1','4','3','lane_middle','5'),('17839086|3',25,'3','5','2','lane_left','5'),('17839086|3',27,'2','4','2','lane_middle','4'),('17839086|3',30,'1','4','3','lane_middle','5'),('17839087|3',25,'3','5','2','lane_left','5'),('17839087|3',27,'3','4','2','lane_middle','4'),('17839087|3',30,'1','4','3','lane_middle','5'),('17839088|3',25,'3','5','2','lane_left','5'),('17839088|3',27,'2','4','2','lane_middle','4'),('17839088|3',30,'2','4','3','lane_middle','5'),('17839089|3',25,'3','5','2','lane_left','5'),('17839089|3',27,'3','3','2','lane_middle','4'),('17839089|3',30,'1','4','3','lane_middle','5'),('17839090|3',25,'3','5','2','lane_left','5'),('17839090|3',27,'2','3','2','lane_middle','4'),('17839090|3',30,'2','4','3','lane_middle','5'),('17839091|3',25,'3','4','2','lane_middle','5'),('17839091|3',27,'3','3','2','lane_middle','4'),('17839091|3',30,'1','4','3','lane_middle','5'),('17839092|3',25,'3','4','2','lane_middle','5'),('17839092|3',27,'2','3','2','lane_middle','4'),('17839092|3',30,'1','4','3','lane_middle','5'),('17839093|3',25,'3','4','2','lane_middle','5'),('17839093|3',27,'3','3','2','lane_middle','4'),('17839093|3',30,'1','4','3','lane_middle','5'),('17839094|3',25,'3','5','2','lane_middle','5'),('17839094|3',27,'2','3','2','lane_middle','4'),('17839094|3',30,'1','4','3','lane_middle','5'),('17839095|3',25,'3','5','2','lane_middle','5'),('17839095|3',27,'3','3','2','lane_middle','4'),('17839095|3',30,'1','4','3','lane_middle','4'),('17839096|3',25,'3','5','2','lane_middle','5'),('17839096|3',27,'2','3','2','lane_middle','3'),('17839096|3',30,'1','4','3','lane_middle','4'),('17839097|3',25,'3','5','2','lane_middle','5'),('17839097|3',27,'3','3','2','lane_middle','3'),('17839097|3',30,'1','4','3','lane_middle','4'),('17839098|3',25,'3','5','2','lane_middle','5'),('17839098|3',27,'3','2','2','lane_middle','3'),('17839098|3',30,'1','4','3','lane_middle','4'),('17839099|3',25,'3','5','2','lane_middle','5'),('17839099|3',27,'3','2','2','lane_middle','3'),('17839099|3',30,'1','4','3','lane_middle','4'),('17839100|3',25,'3','5','2','lane_left','5'),('17839100|3',27,'3','2','2','lane_middle','3'),('17839100|3',30,'1','4','3','lane_middle','4'),('17839101|3',25,'3','5','2','lane_left','5'),('17839101|3',27,'3','2','2','lane_middle','3'),('17839101|3',30,'1','4','3','lane_middle','4'),('17839102|3',25,'3','5','2','lane_middle','5'),('17839102|3',27,'3','2','2','lane_middle','2'),('17839102|3',30,'1','4','3','lane_middle','4'),('17839103|3',25,'3','5','2','lane_middle','5'),('17839103|3',27,'3','2','2','lane_middle','2'),('17839103|3',30,'1','3','3','lane_middle','4'),('17839104|3',25,'3','5','2','lane_middle','5'),('17839104|3',27,'3','2','2','lane_middle','2'),('17839104|3',30,'1','3','3','lane_middle','4'),('17839105|3',25,'3','5','2','lane_middle','5'),('17839105|3',27,'3','2','2','lane_middle','2'),('17839105|3',30,'1','3','4','lane_middle','4'),('17839106|3',25,'3','5','2','lane_middle','5'),('17839106|3',27,'3','2','2','lane_middle','2'),('17839106|3',30,'1','3','3','lane_middle','4'),('17839107|3',25,'3','5','2','lane_middle','5'),('17839107|3',27,'3','2','2','lane_middle','2'),('17839107|3',30,'1','3','4','lane_middle','4'),('17839108|3',25,'3','5','2','lane_middle','5'),('17839108|3',27,'3','1','2','lane_middle','2'),('17839108|3',30,'1','3','3','lane_middle','4'),('17839109|3',25,'3','5','2','lane_middle','5'),('17839109|3',27,'3','1','2','lane_middle','1'),('17839109|3',30,'1','3','4','lane_middle','4'),('17839110|3',25,'3','5','2','lane_left','5'),('17839110|3',27,'3','1','2','lane_middle','1'),('17839110|3',30,'1','3','4','lane_middle','4'),('17839111|3',25,'3','5','2','lane_middle','5'),('17839111|3',27,'4','1','1','lane_middle','1'),('17839111|3',30,'1','3','4','lane_middle','4'),('17839112|3',25,'3','5','2','lane_middle','5'),('17839112|3',27,'4','1','1','lane_middle','1'),('17839112|3',30,'1','3','4','lane_middle','4'),('17839113|3',25,'3','5','2','lane_middle','5'),('17839113|3',27,'4','1','1','lane_middle','1'),('17839113|3',30,'1','3','3','lane_middle','4'),('17839114|3',25,'3','5','2','lane_middle','5'),('17839114|3',27,'4','1','1','lane_middle','1'),('17839114|3',30,'1','3','4','lane_middle','4'),('17839115|3',25,'3','5','2','lane_middle','5'),('17839115|3',27,'4','1','1','lane_middle','1'),('17839115|3',30,'1','3','3','lane_middle','4'),('17839116|3',25,'3','5','2','lane_middle','5'),('17839116|3',27,'4','1','1','lane_middle','1'),('17839116|3',30,'1','3','4','lane_middle','4'),('17839117|3',25,'3','5','2','lane_middle','5'),('17839117|3',27,'4','1','1','lane_middle','1'),('17839117|3',30,'1','3','4','lane_middle','4'),('17839118|3',25,'3','5','2','lane_middle','5'),('17839118|3',27,'4','1','1','lane_middle','1'),('17839118|3',30,'1','3','4','lane_middle','4'),('17839119|3',25,'3','5','2','lane_middle','5'),('17839119|3',27,'4','1','1','lane_middle','1'),('17839119|3',30,'1','3','4','lane_middle','4'),('17839120|3',25,'3','5','2','lane_middle','5'),('17839120|3',27,'4','1','1','lane_middle','1'),('17839120|3',30,'1','3','4','lane_middle','4'),('17839121|3',25,'3','5','1','lane_middle','5'),('17839121|3',27,'4','1','1','lane_middle','1'),('17839121|3',30,'1','3','4','lane_middle','4'),('17839122|3',25,'3','5','2','lane_middle','5'),('17839122|3',27,'5','1','1','lane_middle','1'),('17839122|3',30,'1','3','4','lane_middle','4'),('17839123|3',25,'3','5','1','lane_middle','5'),('17839123|3',27,'5','1','1','lane_middle','1'),('17839123|3',30,'1','3','4','lane_middle','4'),('17839124|3',25,'3','5','2','lane_middle','5'),('17839124|3',27,'5','1','1','lane_middle','1'),('17839124|3',30,'1','3','4','lane_middle','4'),('17839125|3',25,'3','5','1','lane_middle','5'),('17839125|3',27,'5','1','1','lane_middle','1'),('17839125|3',30,'1','3','4','lane_middle','4'),('17839126|3',25,'3','5','1','lane_left','5'),('17839126|3',27,'5','1','1','lane_middle','1'),('17839126|3',30,'1','3','4','lane_middle','4'),('17839127|3',25,'3','5','1','lane_middle','5'),('17839127|3',27,'5','1','1','lane_middle','1'),('17839127|3',30,'1','3','4','lane_middle','4'),('17839128|3',25,'3','5','1','lane_middle','5'),('17839128|3',30,'1','3','4','lane_middle','4'),('17839129|3',25,'3','5','1','lane_middle','5'),('17839129|3',30,'1','3','4','lane_middle','4'),('17839130|3',25,'3','5','1','lane_middle','5'),('17839130|3',30,'1','3','4','lane_middle','4'),('17839131|3',25,'4','5','1','lane_middle','5'),('17839131|3',30,'1','3','4','lane_middle','4'),('17839132|3',25,'3','5','1','lane_middle','5'),('17839132|3',30,'1','3','4','lane_middle','4'),('17839133|3',25,'4','5','1','lane_middle','5'),('17839133|3',30,'1','3','4','lane_middle','4'),('17839134|3',25,'3','5','1','lane_middle','5'),('17839134|3',30,'1','3','4','lane_middle','4'),('17839135|3',25,'4','5','1','lane_middle','5'),('17839135|3',30,'1','3','4','lane_middle','4'),('17839136|3',25,'4','5','1','lane_middle','5'),('17839136|3',30,'1','3','4','lane_middle','4'),('17839137|3',25,'4','5','1','lane_left','5'),('17839137|3',30,'1','3','4','lane_middle','4'),('17839138|3',25,'4','5','1','lane_middle','5'),('17839138|3',30,'1','3','4','lane_middle','4'),('17839139|3',25,'4','5','1','lane_middle','5'),('17839139|3',30,'1','3','4','lane_middle','4'),('17839140|3',25,'4','5','1','lane_middle','5'),('17839140|3',30,'1','3','4','lane_middle','4'),('17839141|3',25,'4','5','1','lane_middle','5'),('17839141|3',30,'1','3','4','lane_middle','4'),('17839142|3',25,'4','5','1','lane_middle','5'),('17839142|3',30,'1','3','4','lane_middle','4'),('17839143|3',25,'4','5','1','lane_middle','5'),('17839143|3',30,'1','4','4','lane_middle','4'),('17839144|3',25,'4','5','1','lane_middle','5'),('17839144|3',30,'1','4','4','lane_middle','4'),('17839145|3',25,'4','5','1','lane_middle','5'),('17839145|3',30,'1','4','4','lane_middle','4'),('17839146|3',25,'4','5','1','lane_middle','5'),('17839146|3',30,'1','4','4','lane_middle','4'),('17839247|4',45,'1','4','4','lane_middle','5'),('17839249|4',45,'1','4','4','lane_middle','5'),('17839250|4',45,'1','4','4','lane_middle','5'),('17839251|4',41,'5','2','1','lane_middle','4'),('17839251|4',45,'1','4','4','lane_middle','5'),('17839252|4',45,'1','4','4','lane_middle','5'),('17839253|4',41,'5','2','1','lane_right','4'),('17839253|4',45,'1','4','4','lane_middle','5'),('17839254|4',41,'5','2','1','lane_right','4'),('17839254|4',45,'1','4','5','lane_middle','5'),('17839255|4',41,'5','2','1','lane_middle','4'),('17839255|4',45,'1','4','4','lane_middle','5'),('17839256|4',41,'5','2','1','lane_right','4'),('17839256|4',45,'1','4','4','lane_middle','5'),('17839257|4',41,'5','2','1','lane_right','4'),('17839257|4',45,'1','4','4','lane_middle','5'),('17839258|4',41,'5','2','1','lane_right','4'),('17839258|4',42,'5','2','1','lane_middle','3'),('17839258|4',45,'1','4','4','lane_middle','5'),('17839259|4',41,'5','3','1','lane_right','4'),('17839259|4',42,'5','2','1','lane_middle','3'),('17839259|4',45,'1','4','5','lane_middle','5'),('17839260|4',41,'5','3','1','lane_right','4'),('17839260|4',42,'5','2','1','lane_middle','3'),('17839260|4',45,'1','4','4','lane_middle','5'),('17839260|4',51,'4','4','1','lane_right','5'),('17839261|4',41,'5','3','1','lane_right','4'),('17839261|4',42,'5','2','1','lane_middle','3'),('17839261|4',45,'1','4','4','lane_middle','5'),('17839261|4',51,'4','4','1','lane_right','5'),('17839262|4',41,'5','3','1','lane_right','4'),('17839262|4',42,'5','2','1','lane_middle','3'),('17839262|4',45,'1','4','4','lane_middle','5'),('17839262|4',51,'4','4','1','lane_right','5'),('17839263|4',41,'5','3','1','lane_right','4'),('17839263|4',42,'5','2','1','lane_middle','3'),('17839263|4',45,'1','4','4','lane_middle','5'),('17839263|4',51,'4','4','1','lane_right','5'),('17839264|4',41,'5','3','1','lane_right','4'),('17839264|4',42,'5','2','1','lane_middle','3'),('17839264|4',45,'1','4','4','lane_middle','5'),('17839264|4',51,'4','4','1','lane_right','5'),('17839265|4',41,'5','3','1','lane_right','4'),('17839265|4',42,'5','2','1','lane_middle','3'),('17839265|4',45,'1','4','4','lane_middle','5'),('17839265|4',51,'4','4','1','lane_right','5'),('17839266|4',41,'5','3','1','lane_right','4'),('17839266|4',42,'5','2','1','lane_middle','3'),('17839266|4',45,'1','4','4','lane_middle','5'),('17839266|4',51,'4','4','1','lane_right','5'),('17839267|4',41,'5','3','1','lane_right','4'),('17839267|4',42,'5','2','1','lane_middle','3'),('17839267|4',45,'1','4','4','lane_middle','5'),('17839267|4',51,'4','4','1','lane_right','5'),('17839268|4',41,'5','3','1','lane_right','4'),('17839268|4',42,'5','2','1','lane_middle','3'),('17839268|4',45,'1','4','4','lane_middle','5'),('17839268|4',51,'4','4','1','lane_right','5'),('17839269|4',41,'5','3','1','lane_right','4'),('17839269|4',42,'5','2','1','lane_middle','3'),('17839269|4',45,'1','4','4','lane_middle','5'),('17839269|4',51,'4','4','1','lane_right','5'),('17839270|4',41,'5','3','1','lane_right','4'),('17839270|4',42,'5','2','1','lane_middle','4'),('17839270|4',45,'1','5','4','lane_middle','5'),('17839270|4',51,'4','5','1','lane_right','5'),('17839271|4',41,'5','3','1','lane_right','5'),('17839271|4',42,'5','2','1','lane_middle','4'),('17839271|4',45,'1','5','4','lane_middle','5'),('17839271|4',51,'4','5','1','lane_right','5'),('17839272|4',41,'5','3','1','lane_right','5'),('17839272|4',42,'5','2','1','lane_middle','4'),('17839272|4',45,'1','5','4','lane_middle','5'),('17839272|4',51,'4','5','1','lane_right','6'),('17839273|4',41,'5','4','1','lane_right','5'),('17839273|4',42,'5','3','1','lane_middle','4'),('17839273|4',45,'1','5','4','lane_middle','5'),('17839273|4',51,'4','5','1','lane_right','6'),('17839274|4',41,'5','4','1','lane_right','5'),('17839274|4',42,'5','3','1','lane_middle','4'),('17839274|4',45,'1','5','4','lane_middle','5'),('17839274|4',51,'4','5','1','lane_right','6'),('17839275|4',41,'5','4','1','lane_right','5'),('17839275|4',42,'5','3','1','lane_middle','4'),('17839275|4',45,'1','5','4','lane_middle','5'),('17839275|4',51,'4','5','1','lane_right','6'),('17839276|4',41,'5','4','1','lane_right','5'),('17839276|4',42,'5','3','1','lane_middle','4'),('17839276|4',45,'1','5','4','lane_middle','5'),('17839276|4',51,'4','5','1','lane_right','6'),('17839277|4',41,'5','4','1','lane_right','5'),('17839277|4',42,'5','3','1','lane_middle','4'),('17839277|4',45,'1','5','4','lane_middle','5'),('17839277|4',51,'4','5','1','lane_right','6'),('17839278|4',41,'5','4','1','lane_right','5'),('17839278|4',42,'5','4','1','lane_right','4'),('17839278|4',45,'1','5','4','lane_middle','5'),('17839278|4',51,'4','5','1','lane_right','6'),('17839279|4',41,'5','5','1','lane_right','5'),('17839279|4',42,'5','4','1','lane_middle','4'),('17839279|4',45,'1','5','4','lane_middle','5'),('17839279|4',51,'3','5','1','lane_right','6'),('17839280|4',41,'5','5','1','lane_right','5'),('17839280|4',42,'5','4','1','lane_right','4'),('17839280|4',45,'1','5','4','lane_middle','5'),('17839280|4',51,'4','5','1','lane_right','6'),('17839281|4',41,'5','5','1','lane_right','5'),('17839281|4',42,'5','4','1','lane_right','4'),('17839281|4',45,'1','5','4','lane_middle','5'),('17839281|4',51,'4','5','1','lane_right','6'),('17839282|4',41,'5','5','1','lane_right','5'),('17839282|4',42,'5','4','1','lane_right','4'),('17839282|4',45,'1','5','4','lane_middle','5'),('17839282|4',51,'4','5','1','lane_right','6'),('17839283|4',41,'5','5','1','lane_right','5'),('17839283|4',42,'5','4','1','lane_right','4'),('17839283|4',45,'1','5','3','lane_middle','5'),('17839283|4',51,'4','5','1','lane_right','6'),('17839284|4',41,'5','5','1','lane_right','5'),('17839284|4',42,'5','4','1','lane_right','4'),('17839284|4',45,'1','5','4','lane_middle','5'),('17839284|4',51,'4','5','1','lane_right','6'),('17839285|4',41,'5','5','1','lane_right','5'),('17839285|4',42,'5','4','1','lane_right','4'),('17839285|4',45,'1','5','4','lane_middle','5'),('17839285|4',51,'3','5','2','lane_right','6'),('17839286|4',42,'5','4','1','lane_middle','4'),('17839286|4',45,'1','5','3','lane_middle','5'),('17839286|4',51,'3','5','2','lane_right','6'),('17839287|4',42,'5','4','1','lane_right','4'),('17839287|4',45,'1','5','3','lane_middle','5'),('17839287|4',51,'3','5','2','lane_right','6'),('17839288|4',42,'5','4','1','lane_right','4'),('17839288|4',45,'1','5','3','lane_middle','5'),('17839288|4',51,'3','5','2','lane_right','6'),('17839289|4',41,'5','5','1','lane_right','5'),('17839289|4',42,'5','4','1','lane_right','4'),('17839289|4',45,'1','5','3','lane_middle','5'),('17839289|4',51,'3','5','2','lane_right','6'),('17839290|4',42,'5','4','1','lane_right','4'),('17839290|4',45,'2','5','3','lane_middle','5'),('17839290|4',51,'3','5','2','lane_right','6'),('17839291|4',42,'5','4','1','lane_right','4'),('17839291|4',45,'2','5','3','lane_middle','5'),('17839291|4',51,'3','5','2','lane_right','6'),('17839292|4',42,'5','4','1','lane_right','4'),('17839292|4',45,'2','4','3','lane_middle','5'),('17839292|4',51,'3','5','2','lane_right','6'),('17839293|4',42,'5','4','1','lane_right','4'),('17839293|4',45,'2','4','3','lane_middle','5'),('17839293|4',51,'3','5','2','lane_right','6'),('17839294|4',42,'5','4','1','lane_right','4'),('17839294|4',45,'2','4','3','lane_middle','4'),('17839294|4',51,'3','5','2','lane_right','6'),('17839295|4',42,'5','3','1','lane_right','4'),('17839295|4',45,'2','3','3','lane_middle','4'),('17839295|4',51,'3','5','2','lane_right','6'),('17839296|4',42,'5','4','1','lane_right','4'),('17839296|4',45,'2','3','3','lane_middle','4'),('17839296|4',51,'3','5','2','lane_right','6'),('17839297|4',42,'5','4','1','lane_right','4'),('17839297|4',45,'1','3','3','lane_middle','4'),('17839297|4',51,'3','5','2','lane_right','6'),('17839298|4',42,'5','4','1','lane_right','4'),('17839298|4',45,'2','3','3','lane_middle','4'),('17839298|4',51,'3','5','2','lane_right','6'),('17839299|4',42,'5','4','1','lane_right','4'),('17839299|4',45,'1','3','3','lane_middle','3'),('17839299|4',51,'3','5','2','lane_right','6'),('17839300|4',42,'5','4','1','lane_right','4'),('17839300|4',45,'2','2','3','lane_middle','3'),('17839300|4',51,'3','5','2','lane_right','6'),('17839301|4',42,'5','4','1','lane_right','4'),('17839301|4',45,'1','2','3','lane_middle','3'),('17839301|4',51,'3','5','2','lane_right','6'),('17839302|4',42,'5','4','1','lane_right','4'),('17839302|4',45,'1','2','3','lane_middle','3'),('17839302|4',51,'3','5','2','lane_right','6'),('17839303|4',42,'5','4','1','lane_right','4'),('17839303|4',45,'1','2','3','lane_middle','3'),('17839303|4',51,'3','5','2','lane_right','6'),('17839304|4',42,'5','4','1','lane_right','4'),('17839304|4',45,'1','2','3','lane_middle','3'),('17839304|4',51,'3','5','2','lane_right','6'),('17839305|4',42,'5','4','1','lane_right','4'),('17839305|4',45,'1','2','4','lane_middle','2'),('17839305|4',51,'3','5','2','lane_right','6'),('17839306|4',42,'5','4','1','lane_right','4'),('17839306|4',45,'1','2','4','lane_middle','2'),('17839306|4',51,'3','5','2','lane_right','6'),('17839307|4',42,'5','4','1','lane_right','4'),('17839307|4',45,'1','2','4','lane_middle','2'),('17839307|4',51,'3','5','2','lane_right','6'),('17839308|4',42,'5','4','1','lane_right','4'),('17839308|4',45,'1','2','4','lane_middle','2'),('17839308|4',51,'3','5','2','lane_right','6'),('17839309|4',42,'5','4','1','lane_right','4'),('17839309|4',45,'1','2','4','lane_middle','2'),('17839309|4',51,'2','5','2','lane_right','6'),('17839310|4',42,'5','4','1','lane_right','4'),('17839310|4',45,'1','2','4','lane_middle','2'),('17839310|4',51,'3','5','2','lane_right','6'),('17839311|4',42,'5','4','1','lane_middle','4'),('17839311|4',45,'1','2','4','lane_middle','2'),('17839311|4',51,'2','5','2','lane_right','6'),('17839312|4',42,'5','4','1','lane_middle','4'),('17839312|4',45,'1','2','4','lane_middle','2'),('17839312|4',51,'2','5','2','lane_right','6'),('17839313|4',42,'5','4','1','lane_middle','4'),('17839313|4',45,'1','2','4','lane_middle','2'),('17839313|4',51,'2','5','2','lane_right','6'),('17839314|4',42,'5','4','1','lane_middle','4'),('17839314|4',45,'1','2','4','lane_middle','2'),('17839314|4',51,'2','5','2','lane_right','6'),('17839315|4',42,'5','3','1','lane_right','4'),('17839315|4',45,'1','2','4','lane_middle','2'),('17839315|4',51,'2','5','2','lane_right','6'),('17839316|4',42,'5','3','1','lane_middle','4'),('17839316|4',45,'1','2','4','lane_middle','2'),('17839316|4',51,'2','5','2','lane_right','6'),('17839617|5',60,'2','5','3','lane_middle','4'),('17839617|5',64,'2','5','2','lane_right','4'),('17839619|5',60,'2','5','2','lane_middle','4'),('17839620|5',60,'2','5','2','lane_middle','4'),('17839621|5',60,'2','5','2','lane_middle','4'),('17839622|5',60,'2','5','2','lane_middle','4'),('17839623|5',60,'2','5','2','lane_middle','4'),('17839624|5',60,'2','5','2','lane_middle','4'),('17839625|5',60,'2','5','2','lane_middle','4'),('17839626|5',60,'2','5','2','lane_middle','4'),('17839627|5',60,'2','5','2','lane_middle','4'),('17839627|5',64,'2','5','3','lane_right','4'),('17839628|5',60,'2','5','2','lane_middle','4'),('17839628|5',64,'2','5','2','lane_right','4'),('17839629|5',60,'3','5','2','lane_middle','4'),('17839629|5',64,'2','5','2','lane_right','4'),('17839630|5',60,'2','5','2','lane_middle','4'),('17839630|5',64,'2','5','3','lane_right','4'),('17839631|5',60,'2','5','2','lane_middle','4'),('17839631|5',64,'2','5','2','lane_right','4'),('17839632|5',60,'3','5','2','lane_middle','4'),('17839632|5',64,'2','5','3','lane_right','4'),('17839633|5',60,'3','5','2','lane_middle','4'),('17839633|5',64,'2','5','3','lane_right','4'),('17839634|5',60,'3','5','2','lane_middle','4'),('17839634|5',64,'2','5','2','lane_right','4'),('17839635|5',60,'3','5','2','lane_middle','4'),('17839635|5',64,'2','5','3','lane_right','4'),('17839636|5',60,'3','5','2','lane_middle','4'),('17839636|5',64,'2','5','3','lane_right','5'),('17839637|5',60,'3','5','2','lane_middle','4'),('17839637|5',64,'2','5','2','lane_right','5'),('17839638|5',60,'3','5','2','lane_middle','4'),('17839638|5',64,'2','5','2','lane_right','5'),('17839639|5',60,'3','5','2','lane_middle','4'),('17839639|5',64,'2','5','3','lane_right','5'),('17839640|5',60,'3','5','2','lane_middle','4'),('17839640|5',64,'2','5','2','lane_right','5'),('17839641|5',60,'3','5','2','lane_middle','4'),('17839641|5',64,'2','5','2','lane_right','5'),('17839642|5',60,'3','5','2','lane_middle','4'),('17839642|5',64,'2','5','2','lane_right','5'),('17839643|5',60,'3','5','2','lane_middle','4'),('17839643|5',64,'2','5','2','lane_right','5'),('17839644|5',60,'3','5','1','lane_middle','4'),('17839644|5',64,'2','5','2','lane_right','5'),('17839645|5',60,'3','5','1','lane_middle','4'),('17839645|5',64,'2','5','2','lane_right','5'),('17839646|5',60,'3','5','2','lane_middle','4'),('17839646|5',64,'2','5','2','lane_right','5'),('17839647|5',60,'3','5','1','lane_middle','4'),('17839647|5',64,'2','5','2','lane_right','5'),('17839648|5',60,'3','5','1','lane_middle','4'),('17839648|5',64,'2','5','2','lane_right','5'),('17839649|5',60,'3','5','1','lane_middle','4'),('17839649|5',64,'2','5','2','lane_right','5'),('17839650|5',60,'4','5','1','lane_middle','4'),('17839650|5',64,'2','5','2','lane_right','5'),('17839651|5',60,'4','5','1','lane_middle','4'),('17839651|5',64,'2','5','2','lane_right','5'),('17839652|5',60,'3','5','1','lane_middle','4'),('17839652|5',64,'2','5','2','lane_right','5'),('17839653|5',60,'4','5','1','lane_middle','4'),('17839653|5',64,'2','5','2','lane_right','5'),('17839654|5',60,'4','5','1','lane_middle','4'),('17839654|5',64,'2','5','2','lane_right','5'),('17839655|5',60,'4','5','1','lane_middle','4'),('17839655|5',64,'2','5','2','lane_right','5'),('17839656|5',60,'4','5','1','lane_middle','4'),('17839656|5',64,'2','5','2','lane_right','5'),('17839657|5',60,'4','5','1','lane_middle','4'),('17839657|5',64,'2','5','2','lane_right','5'),('17839658|5',60,'4','5','1','lane_middle','4'),('17839658|5',64,'2','5','2','lane_right','5'),('17839659|5',60,'4','5','1','lane_middle','4'),('17839659|5',64,'2','5','2','lane_right','5'),('17839660|5',60,'4','5','1','lane_middle','4'),('17839660|5',64,'3','5','2','lane_right','5'),('17839661|5',60,'4','5','1','lane_middle','4'),('17839661|5',64,'2','5','2','lane_right','5'),('17839662|5',60,'4','4','1','lane_middle','4'),('17839662|5',64,'3','5','2','lane_right','5'),('17839663|5',60,'4','4','1','lane_middle','5'),('17839663|5',64,'3','5','2','lane_right','5'),('17839664|5',60,'4','4','1','lane_middle','5'),('17839664|5',64,'2','5','2','lane_right','5'),('17839665|5',60,'4','4','1','lane_middle','5'),('17839665|5',64,'3','5','2','lane_right','5'),('17839666|5',60,'4','4','1','lane_middle','5'),('17839666|5',64,'3','5','2','lane_right','5'),('17839667|5',60,'4','4','1','lane_middle','5'),('17839667|5',64,'3','5','2','lane_right','5'),('17839668|5',52,'3','4','1','lane_right','5'),('17839668|5',60,'4','4','1','lane_middle','5'),('17839668|5',64,'3','5','2','lane_right','5'),('17839669|5',52,'3','4','1','lane_right','5'),('17839669|5',60,'4','4','1','lane_middle','5'),('17839669|5',64,'3','5','2','lane_right','5'),('17839670|5',52,'3','4','1','lane_right','5'),('17839670|5',60,'4','4','1','lane_middle','5'),('17839670|5',64,'3','5','2','lane_right','5'),('17839671|5',52,'3','4','1','lane_right','5'),('17839671|5',60,'4','4','1','lane_middle','5'),('17839671|5',64,'3','5','2','lane_right','5'),('17839672|5',52,'3','4','1','lane_right','5'),('17839672|5',60,'4','4','1','lane_middle','5'),('17839672|5',64,'3','5','2','lane_right','5'),('17839673|5',52,'3','4','2','lane_right','5'),('17839673|5',60,'4','4','1','lane_middle','5'),('17839673|5',64,'3','5','2','lane_right','5'),('17839674|5',52,'3','4','1','lane_right','5'),('17839674|5',60,'4','4','1','lane_middle','5'),('17839674|5',64,'3','5','2','lane_right','5'),('17839675|5',52,'3','4','2','lane_right','5'),('17839675|5',60,'4','4','1','lane_middle','5'),('17839675|5',64,'3','5','2','lane_right','5'),('17839676|5',52,'3','4','2','lane_right','5'),('17839676|5',60,'4','4','1','lane_middle','5'),('17839676|5',64,'3','5','2','lane_right','5'),('17839677|5',52,'3','4','2','lane_right','5'),('17839677|5',60,'4','4','1','lane_middle','5'),('17839677|5',64,'3','5','2','lane_right','5'),('17839678|5',52,'3','4','2','lane_right','5'),('17839678|5',60,'4','4','1','lane_middle','5'),('17839678|5',64,'3','5','2','lane_right','5'),('17839679|5',52,'3','4','2','lane_right','5'),('17839679|5',60,'4','4','1','lane_middle','5'),('17839679|5',64,'3','5','2','lane_right','5'),('17839680|5',52,'3','4','2','lane_right','5'),('17839680|5',60,'4','4','1','lane_middle','5'),('17839680|5',64,'3','5','2','lane_right','5'),('17839681|5',52,'3','4','2','lane_right','5'),('17839681|5',60,'4','4','1','lane_middle','5'),('17839681|5',64,'3','5','2','lane_right','5'),('17839682|5',52,'3','4','2','lane_right','5'),('17839682|5',60,'4','4','1','lane_middle','5'),('17839682|5',64,'3','5','2','lane_middle','5'),('17839683|5',52,'3','4','2','lane_right','5'),('17839683|5',60,'4','4','1','lane_middle','5'),('17839683|5',64,'3','5','2','lane_right','5'),('17839684|5',52,'3','4','2','lane_right','5'),('17839684|5',60,'4','4','1','lane_middle','5'),('17839684|5',64,'3','5','2','lane_middle','5'),('17839685|5',52,'3','4','2','lane_right','5'),('17839685|5',60,'4','4','1','lane_middle','5'),('17839685|5',64,'3','5','2','lane_right','5'),('17839686|5',52,'3','4','2','lane_right','5'),('17839686|5',60,'4','4','1','lane_middle','5'),('17839686|5',64,'3','5','2','lane_right','6'),('17839687|5',52,'3','4','2','lane_right','5'),('17839687|5',60,'4','4','1','lane_middle','5'),('17839687|5',64,'3','5','2','lane_right','6'),('17839688|5',52,'3','4','2','lane_right','5'),('17839688|5',60,'5','4','1','lane_middle','5'),('17839688|5',64,'3','5','2','lane_right','6'),('17839689|5',52,'3','4','2','lane_right','5'),('17839689|5',60,'4','4','1','lane_middle','5'),('17839689|5',64,'3','5','2','lane_right','6'),('17839690|5',52,'3','4','2','lane_right','5'),('17839690|5',60,'4','4','1','lane_middle','5'),('17839690|5',64,'3','5','2','lane_right','6'),('17839691|5',52,'3','4','2','lane_right','5'),('17839691|5',60,'5','4','1','lane_middle','5'),('17839691|5',64,'4','5','1','lane_right','6'),('17839692|5',52,'3','5','2','lane_right','5'),('17839692|5',60,'4','5','1','lane_middle','5'),('17839692|5',64,'3','5','2','lane_right','6'),('17839693|5',52,'3','5','2','lane_right','5'),('17839693|5',60,'5','5','1','lane_middle','5'),('17839693|5',64,'4','5','1','lane_right','6'),('17839694|5',52,'3','5','2','lane_right','5'),('17839694|5',60,'4','5','1','lane_middle','5'),('17839694|5',64,'3','5','2','lane_right','6'),('17839695|5',52,'3','5','2','lane_right','5'),('17839695|5',60,'4','5','1','lane_middle','5'),('17839695|5',64,'3','5','1','lane_right','6'),('17839696|5',52,'3','5','2','lane_right','5'),('17839696|5',60,'5','4','1','lane_middle','5'),('17839696|5',64,'4','5','1','lane_right','6'),('17839697|5',52,'2','5','2','lane_right','5'),('17839697|5',60,'5','4','1','lane_middle','5'),('17839697|5',64,'4','5','1','lane_right','5'),('17839698|5',52,'3','5','2','lane_right','5'),('17839698|5',60,'4','4','1','lane_middle','5'),('17839698|5',64,'4','5','1','lane_right','5'),('17839699|5',52,'2','5','2','lane_right','5'),('17839699|5',60,'5','4','1','lane_middle','4'),('17839699|5',64,'4','5','1','lane_right','5'),('17839700|5',52,'2','5','2','lane_right','5'),('17839700|5',60,'5','4','1','lane_middle','4'),('17839700|5',64,'4','5','1','lane_right','5'),('17839701|5',52,'2','5','2','lane_right','5'),('17839701|5',60,'5','4','1','lane_middle','4'),('17839701|5',64,'4','5','1','lane_right','5'),('17839702|5',52,'2','5','2','lane_right','5'),('17839702|5',60,'5','4','1','lane_middle','4'),('17839702|5',64,'4','5','1','lane_right','5'),('17839703|5',52,'2','5','2','lane_right','5'),('17839703|5',60,'5','4','1','lane_middle','4'),('17839703|5',64,'4','5','1','lane_right','5'),('17839704|5',52,'2','5','2','lane_right','5'),('17839704|5',60,'5','3','1','lane_middle','4'),('17839704|5',64,'4','5','1','lane_right','5'),('17839705|5',52,'2','5','2','lane_right','5'),('17839705|5',60,'5','3','1','lane_middle','4'),('17839705|5',64,'4','5','1','lane_right','5'),('17839706|5',52,'2','5','2','lane_right','5'),('17839706|5',60,'5','3','1','lane_middle','4'),('17839706|5',64,'4','5','1','lane_right','5'),('17839707|5',52,'2','5','2','lane_right','5'),('17839707|5',60,'5','3','1','lane_middle','4'),('17839707|5',64,'4','4','1','lane_right','5'),('17839708|5',52,'2','5','2','lane_right','5'),('17839708|5',60,'4','3','1','lane_middle','4'),('17839708|5',64,'4','4','1','lane_right','5'),('17839709|5',52,'2','5','2','lane_right','5'),('17839709|5',60,'5','3','1','lane_middle','4'),('17839709|5',64,'4','4','1','lane_right','5'),('17839710|5',52,'2','5','2','lane_right','5'),('17839710|5',60,'4','3','1','lane_middle','4'),('17839710|5',64,'4','4','1','lane_right','4'),('17839711|5',52,'2','5','2','lane_right','5'),('17839711|5',60,'4','3','1','lane_middle','4'),('17839711|5',64,'4','4','1','lane_right','4'),('17839712|5',52,'2','5','2','lane_right','5'),('17839712|5',60,'5','3','1','lane_middle','4'),('17839712|5',64,'4','4','1','lane_right','4'),('17839713|5',52,'2','5','2','lane_right','5'),('17839713|5',60,'4','3','1','lane_middle','4'),('17839713|5',64,'4','4','1','lane_right','4'),('17839714|5',52,'2','5','2','lane_right','5'),('17839714|5',60,'5','3','1','lane_middle','4'),('17839714|5',64,'4','3','1','lane_right','4'),('17839715|5',52,'2','5','2','lane_right','5'),('17839715|5',60,'4','3','1','lane_middle','4'),('17839715|5',64,'4','3','1','lane_right','4'),('17839716|5',52,'2','5','2','lane_right','5'),('17839716|5',60,'4','3','1','lane_middle','4'),('17839716|5',64,'4','3','1','lane_right','4'),('17839717|5',52,'2','5','2','lane_right','6'),('17839717|5',60,'5','3','1','lane_middle','4'),('17839717|5',64,'4','3','1','lane_right','4'),('17839718|5',52,'2','5','2','lane_right','6'),('17839718|5',60,'4','3','1','lane_middle','4'),('17839718|5',64,'4','3','1','lane_right','4'),('17839719|5',52,'2','5','2','lane_right','6'),('17839719|5',60,'4','3','1','lane_middle','4'),('17839719|5',64,'4','3','1','lane_right','4'),('17840193|7',86,'1','4','3','lane_middle','5'),('17840193|7',87,'5','4','1','lane_middle','5'),('17840193|7',88,'2','3','2','lane_right','4'),('17840195|7',86,'1','4','3','lane_middle','5'),('17840195|7',87,'5','4','1','lane_middle','5'),('17840195|7',88,'2','3','2','lane_right','4'),('17840196|7',86,'2','4','3','lane_middle','5'),('17840196|7',87,'5','4','1','lane_middle','5'),('17840196|7',88,'2','3','2','lane_right','4'),('17840197|7',86,'1','4','3','lane_middle','5'),('17840197|7',87,'5','4','1','lane_middle','5'),('17840197|7',88,'2','3','2','lane_right','4'),('17840198|7',86,'2','4','3','lane_middle','5'),('17840198|7',87,'5','4','1','lane_middle','5'),('17840198|7',88,'2','3','2','lane_right','4'),('17840199|7',86,'1','4','3','lane_middle','5'),('17840199|7',87,'5','4','1','lane_middle','5'),('17840199|7',88,'2','3','2','lane_right','4'),('17840200|7',86,'2','4','3','lane_middle','5'),('17840200|7',87,'5','4','1','lane_middle','5'),('17840200|7',88,'2','3','2','lane_right','4'),('17840201|7',86,'2','4','3','lane_middle','5'),('17840201|7',87,'5','4','1','lane_middle','5'),('17840201|7',88,'2','3','2','lane_right','4'),('17840202|7',86,'2','4','3','lane_middle','5'),('17840202|7',87,'5','4','1','lane_middle','5'),('17840202|7',88,'2','3','3','lane_right','4'),('17840203|7',86,'2','4','3','lane_middle','5'),('17840203|7',87,'5','4','1','lane_middle','5'),('17840203|7',88,'2','3','2','lane_right','4'),('17840204|7',86,'2','4','3','lane_middle','5'),('17840204|7',87,'5','4','1','lane_middle','5'),('17840204|7',88,'2','3','3','lane_right','4'),('17840205|7',86,'2','4','3','lane_middle','5'),('17840205|7',87,'5','4','1','lane_middle','5'),('17840205|7',88,'2','3','2','lane_right','4'),('17840206|7',86,'2','4','3','lane_middle','5'),('17840206|7',87,'5','4','1','lane_middle','5'),('17840206|7',88,'2','3','2','lane_right','4'),('17840207|7',86,'2','4','3','lane_middle','5'),('17840207|7',87,'5','4','1','lane_middle','5'),('17840207|7',88,'2','3','2','lane_right','4'),('17840208|7',86,'2','4','3','lane_middle','5'),('17840208|7',87,'5','4','1','lane_middle','5'),('17840208|7',88,'2','3','3','lane_right','4'),('17840209|7',86,'2','4','3','lane_middle','5'),('17840209|7',87,'5','4','1','lane_middle','5'),('17840209|7',88,'2','3','2','lane_right','4'),('17840210|7',86,'2','4','3','lane_middle','5'),('17840210|7',87,'5','4','1','lane_middle','5'),('17840210|7',88,'2','3','3','lane_right','4'),('17840211|7',86,'2','5','3','lane_middle','5'),('17840211|7',87,'5','4','1','lane_middle','5'),('17840211|7',88,'2','4','2','lane_right','4'),('17840212|7',86,'2','5','3','lane_middle','5'),('17840212|7',87,'5','4','1','lane_middle','5'),('17840212|7',88,'2','4','3','lane_right','4'),('17840213|7',86,'2','5','3','lane_middle','5'),('17840213|7',87,'5','4','1','lane_middle','5'),('17840213|7',88,'2','4','3','lane_right','4'),('17840214|7',86,'2','5','3','lane_middle','5'),('17840214|7',87,'5','4','1','lane_middle','5'),('17840214|7',88,'2','4','3','lane_right','4'),('17840215|7',86,'2','5','3','lane_middle','5'),('17840215|7',87,'5','4','1','lane_middle','4'),('17840215|7',88,'2','4','3','lane_right','4'),('17840216|7',86,'2','5','3','lane_middle','5'),('17840216|7',87,'5','4','1','lane_middle','4'),('17840216|7',88,'2','4','3','lane_right','4'),('17840217|7',86,'2','5','2','lane_middle','5'),('17840217|7',87,'5','4','1','lane_middle','4'),('17840217|7',88,'2','4','3','lane_right','4'),('17840218|7',86,'2','5','2','lane_middle','5'),('17840218|7',87,'5','4','1','lane_middle','4'),('17840218|7',88,'2','4','3','lane_right','4'),('17840219|7',86,'2','5','3','lane_middle','5'),('17840219|7',87,'5','4','1','lane_middle','4'),('17840219|7',88,'2','4','3','lane_right','4'),('17840220|7',86,'2','5','3','lane_middle','5'),('17840220|7',87,'5','3','1','lane_middle','4'),('17840220|7',88,'2','4','3','lane_right','5'),('17840221|7',86,'2','5','2','lane_middle','5'),('17840221|7',87,'5','3','1','lane_middle','4'),('17840221|7',88,'2','4','3','lane_right','5'),('17840222|7',86,'2','5','2','lane_middle','5'),('17840222|7',87,'5','3','1','lane_middle','4'),('17840222|7',88,'2','4','3','lane_right','5'),('17840223|7',86,'2','5','2','lane_middle','5'),('17840223|7',87,'5','3','1','lane_middle','4'),('17840223|7',88,'2','4','3','lane_right','5'),('17840224|7',86,'2','5','3','lane_middle','5'),('17840224|7',87,'5','3','1','lane_middle','4'),('17840224|7',88,'2','4','3','lane_right','5'),('17840225|7',86,'2','5','2','lane_middle','5'),('17840225|7',87,'5','3','1','lane_middle','4'),('17840225|7',88,'2','4','3','lane_right','5'),('17840226|7',86,'2','5','2','lane_middle','6'),('17840226|7',87,'5','3','1','lane_middle','4'),('17840226|7',88,'2','4','3','lane_right','5'),('17840227|7',86,'2','5','2','lane_middle','6'),('17840227|7',87,'5','3','1','lane_middle','4'),('17840227|7',88,'2','4','3','lane_right','5'),('17840228|7',79,'5','4','1','lane_right','4'),('17840228|7',86,'2','5','2','lane_middle','6'),('17840228|7',87,'5','3','1','lane_middle','4'),('17840228|7',88,'1','4','3','lane_right','5'),('17840229|7',86,'2','5','2','lane_middle','6'),('17840229|7',87,'5','3','1','lane_middle','4'),('17840229|7',88,'1','4','3','lane_right','5'),('17840230|7',79,'5','4','1','lane_right','4'),('17840230|7',86,'2','5','2','lane_middle','6'),('17840230|7',87,'5','3','1','lane_middle','4'),('17840230|7',88,'1','4','3','lane_right','5'),('17840231|7',86,'2','5','2','lane_middle','6'),('17840231|7',87,'5','3','1','lane_middle','4'),('17840231|7',88,'2','4','3','lane_right','5'),('17840232|7',79,'5','4','1','lane_right','4'),('17840232|7',86,'3','5','2','lane_middle','6'),('17840232|7',87,'5','3','1','lane_middle','4'),('17840232|7',88,'2','4','3','lane_right','5'),('17840233|7',86,'2','5','2','lane_middle','6'),('17840233|7',87,'5','3','1','lane_middle','4'),('17840233|7',88,'1','4','3','lane_right','5'),('17840234|7',79,'5','4','1','lane_right','4'),('17840234|7',86,'3','5','2','lane_middle','5'),('17840234|7',87,'5','3','1','lane_middle','4'),('17840234|7',88,'1','4','3','lane_right','5'),('17840235|7',86,'3','5','2','lane_middle','5'),('17840235|7',87,'5','3','1','lane_middle','4'),('17840235|7',88,'1','4','3','lane_right','5'),('17840236|7',79,'5','4','1','lane_right','4'),('17840236|7',86,'3','5','2','lane_middle','5'),('17840236|7',87,'5','3','1','lane_middle','4'),('17840236|7',88,'1','5','3','lane_right','5'),('17840237|7',86,'3','5','2','lane_middle','5'),('17840237|7',87,'5','3','1','lane_middle','4'),('17840237|7',88,'2','5','3','lane_right','5'),('17840238|7',79,'5','4','1','lane_right','4'),('17840238|7',86,'3','5','2','lane_middle','5'),('17840238|7',87,'5','3','1','lane_middle','4'),('17840238|7',88,'1','4','3','lane_right','5'),('17840239|7',79,'5','4','1','lane_right','4'),('17840239|7',86,'3','5','2','lane_middle','5'),('17840239|7',87,'5','3','1','lane_middle','4'),('17840239|7',88,'1','4','3','lane_right','5'),('17840240|7',79,'5','4','1','lane_right','4'),('17840240|7',86,'3','5','2','lane_middle','5'),('17840240|7',87,'5','3','1','lane_middle','4'),('17840240|7',88,'1','4','3','lane_right','5'),('17840241|7',79,'5','4','1','lane_right','4'),('17840241|7',86,'3','5','2','lane_middle','5'),('17840241|7',87,'5','3','1','lane_middle','4'),('17840241|7',88,'1','5','3','lane_right','5'),('17840242|7',79,'5','4','1','lane_right','4'),('17840242|7',86,'3','5','2','lane_middle','5'),('17840242|7',87,'5','3','1','lane_middle','4'),('17840242|7',88,'1','5','3','lane_right','5'),('17840243|7',79,'5','4','1','lane_right','4'),('17840243|7',86,'3','5','2','lane_middle','5'),('17840243|7',87,'5','3','1','lane_middle','4'),('17840243|7',88,'1','5','3','lane_right','5'),('17840244|7',79,'5','4','1','lane_right','5'),('17840244|7',86,'3','5','2','lane_middle','5'),('17840244|7',87,'5','3','1','lane_middle','4'),('17840244|7',88,'1','5','3','lane_right','5'),('17840245|7',79,'5','4','1','lane_right','5'),('17840245|7',86,'3','5','2','lane_middle','5'),('17840245|7',87,'5','3','1','lane_middle','4'),('17840245|7',88,'1','5','3','lane_right','5'),('17840246|7',79,'5','4','1','lane_right','5'),('17840246|7',86,'3','5','2','lane_middle','5'),('17840246|7',87,'5','3','1','lane_middle','4'),('17840246|7',88,'1','5','3','lane_right','5'),('17840247|7',79,'5','4','1','lane_right','5'),('17840247|7',86,'3','5','2','lane_middle','5'),('17840247|7',87,'5','3','1','lane_middle','4'),('17840247|7',88,'1','5','3','lane_right','5'),('17840248|7',79,'5','4','1','lane_right','5'),('17840248|7',86,'3','5','2','lane_middle','5'),('17840248|7',87,'5','3','1','lane_middle','4'),('17840248|7',88,'1','5','4','lane_right','5'),('17840249|7',79,'5','4','1','lane_right','5'),('17840249|7',86,'3','5','2','lane_middle','5'),('17840249|7',87,'5','3','1','lane_middle','4'),('17840249|7',88,'1','5','3','lane_right','5'),('17840250|7',79,'5','4','1','lane_right','5'),('17840250|7',86,'3','5','2','lane_middle','5'),('17840250|7',87,'5','3','1','lane_middle','4'),('17840250|7',88,'1','5','4','lane_right','5'),('17840251|7',79,'5','4','1','lane_right','5'),('17840251|7',86,'3','5','2','lane_middle','5'),('17840251|7',87,'5','3','1','lane_middle','4'),('17840251|7',88,'1','5','3','lane_right','5'),('17840252|7',79,'5','4','1','lane_right','5'),('17840252|7',86,'3','5','1','lane_middle','5'),('17840252|7',87,'5','3','1','lane_middle','4'),('17840252|7',88,'1','5','4','lane_right','5'),('17840253|7',79,'5','4','1','lane_right','5'),('17840253|7',86,'3','5','2','lane_middle','5'),('17840253|7',87,'5','3','1','lane_middle','4'),('17840253|7',88,'1','5','3','lane_right','5'),('17840254|7',79,'5','4','1','lane_right','5'),('17840254|7',86,'3','5','2','lane_middle','6'),('17840254|7',87,'5','3','1','lane_middle','4'),('17840254|7',88,'1','5','4','lane_right','5'),('17840255|7',79,'5','4','1','lane_right','5'),('17840255|7',86,'3','5','2','lane_middle','6'),('17840255|7',87,'5','3','1','lane_middle','4'),('17840255|7',88,'1','5','4','lane_right','5'),('17840256|7',79,'5','4','1','lane_right','5'),('17840256|7',86,'3','5','1','lane_middle','6'),('17840256|7',87,'5','3','1','lane_middle','4'),('17840256|7',88,'1','5','4','lane_right','5'),('17840257|7',79,'5','4','1','lane_right','5'),('17840257|7',86,'3','5','1','lane_middle','6'),('17840257|7',87,'5','4','1','lane_middle','4'),('17840257|7',88,'1','5','3','lane_right','5'),('17840258|7',79,'5','4','1','lane_right','5'),('17840258|7',86,'3','5','1','lane_middle','6'),('17840258|7',87,'5','4','1','lane_middle','4'),('17840258|7',88,'1','5','3','lane_right','5'),('17840259|7',79,'5','4','1','lane_right','5'),('17840259|7',86,'3','5','1','lane_middle','6'),('17840259|7',87,'5','4','1','lane_middle','4'),('17840259|7',88,'1','5','4','lane_right','5'),('17840260|7',79,'5','4','1','lane_right','5'),('17840260|7',86,'4','5','1','lane_middle','6'),('17840260|7',87,'5','4','1','lane_middle','4'),('17840260|7',88,'1','5','3','lane_right','5'),('17840261|7',79,'5','4','1','lane_right','5'),('17840261|7',86,'4','5','1','lane_middle','5'),('17840261|7',87,'5','4','1','lane_middle','4'),('17840261|7',88,'1','5','3','lane_right','5'),('17840262|7',79,'5','4','1','lane_right','5'),('17840262|7',86,'4','5','1','lane_middle','5'),('17840262|7',87,'5','4','1','lane_middle','4'),('17840262|7',88,'1','5','3','lane_right','5'),('17840263|7',79,'5','4','1','lane_right','5'),('17840263|7',86,'4','5','1','lane_middle','5'),('17840263|7',87,'5','4','1','lane_middle','4'),('17840263|7',88,'2','5','3','lane_right','5'),('17840264|7',79,'5','5','1','lane_right','5'),('17840264|7',86,'4','5','1','lane_middle','5'),('17840264|7',87,'5','4','1','lane_middle','4'),('17840264|7',88,'1','5','3','lane_right','5'),('17840265|7',79,'4','5','1','lane_right','5'),('17840265|7',86,'4','5','1','lane_middle','5'),('17840265|7',87,'5','4','1','lane_middle','4'),('17840265|7',88,'2','5','3','lane_right','5'),('17840266|7',79,'5','5','1','lane_right','5'),('17840266|7',86,'4','5','1','lane_middle','5'),('17840266|7',87,'5','4','1','lane_middle','4'),('17840266|7',88,'2','5','3','lane_right','5'),('17840267|7',79,'4','5','1','lane_right','5'),('17840267|7',86,'4','5','1','lane_middle','5'),('17840267|7',87,'5','4','1','lane_middle','4'),('17840267|7',88,'2','5','3','lane_right','5'),('17840268|7',79,'5','5','1','lane_right','5'),('17840268|7',86,'4','5','1','lane_middle','5'),('17840268|7',87,'5','4','1','lane_middle','4'),('17840268|7',88,'2','5','3','lane_right','5'),('17840269|7',79,'4','5','1','lane_right','5'),('17840269|7',86,'4','5','1','lane_middle','5'),('17840269|7',87,'5','4','1','lane_middle','5'),('17840269|7',88,'2','5','3','lane_right','5'),('17840270|7',79,'4','5','1','lane_right','5'),('17840270|7',86,'4','5','1','lane_middle','5'),('17840270|7',87,'5','4','1','lane_middle','5'),('17840270|7',88,'2','5','3','lane_right','5'),('17840271|7',79,'4','5','1','lane_right','5'),('17840271|7',86,'4','5','1','lane_middle','5'),('17840271|7',87,'5','4','1','lane_middle','5'),('17840271|7',88,'2','5','3','lane_right','5'),('17840272|7',79,'4','5','1','lane_right','5'),('17840272|7',86,'4','5','1','lane_middle','5'),('17840272|7',87,'5','4','1','lane_middle','5'),('17840272|7',88,'2','5','3','lane_right','5'),('17840273|7',79,'4','5','1','lane_right','5'),('17840273|7',86,'4','5','1','lane_middle','5'),('17840273|7',87,'5','4','1','lane_middle','5'),('17840273|7',88,'2','5','3','lane_right','5'),('17840274|7',79,'4','5','1','lane_right','5'),('17840274|7',86,'4','5','1','lane_middle','5'),('17840274|7',87,'5','4','1','lane_middle','5'),('17840274|7',88,'2','4','3','lane_right','5'),('17840275|7',79,'4','5','1','lane_right','5'),('17840275|7',86,'4','5','1','lane_middle','5'),('17840275|7',87,'5','4','1','lane_middle','5'),('17840275|7',88,'2','4','3','lane_right','4'),('17840276|7',79,'4','5','1','lane_right','5'),('17840276|7',86,'4','5','1','lane_middle','5'),('17840276|7',87,'5','4','1','lane_middle','5'),('17840276|7',88,'2','4','3','lane_right','4'),('17840277|7',79,'4','5','1','lane_right','5'),('17840277|7',86,'4','5','1','lane_middle','5'),('17840277|7',87,'5','4','1','lane_middle','5'),('17840277|7',88,'2','3','3','lane_right','4'),('17840278|7',79,'4','5','1','lane_right','5'),('17840278|7',86,'4','5','1','lane_middle','5'),('17840278|7',87,'5','4','1','lane_middle','5'),('17840278|7',88,'2','3','3','lane_right','4'),('17840279|7',79,'4','5','1','lane_right','5'),('17840279|7',86,'4','5','1','lane_middle','5'),('17840279|7',87,'5','4','1','lane_middle','5'),('17840279|7',88,'2','3','3','lane_right','3'),('17840280|7',79,'4','5','1','lane_right','5'),('17840280|7',86,'4','5','1','lane_middle','5'),('17840280|7',87,'5','4','1','lane_middle','5'),('17840280|7',88,'2','2','3','lane_right','3'),('17840281|7',79,'4','5','1','lane_right','5'),('17840281|7',86,'4','5','1','lane_middle','5'),('17840281|7',87,'5','4','1','lane_middle','5'),('17840281|7',88,'2','2','3','lane_right','3'),('17840282|7',79,'4','5','1','lane_right','5'),('17840282|7',86,'4','5','1','lane_middle','6'),('17840282|7',87,'5','4','1','lane_middle','5'),('17840282|7',88,'2','2','3','lane_right','2'),('17840283|7',79,'4','5','1','lane_right','5'),('17840283|7',86,'4','5','1','lane_middle','6'),('17840283|7',87,'5','4','1','lane_middle','5'),('17840283|7',88,'2','2','3','lane_right','2'),('17840284|7',79,'4','5','1','lane_right','5'),('17840284|7',86,'4','5','1','lane_middle','5'),('17840284|7',87,'5','4','1','lane_middle','5'),('17840284|7',88,'2','2','3','lane_right','2'),('17840285|7',79,'4','5','1','lane_right','5'),('17840285|7',86,'4','5','1','lane_middle','5'),('17840285|7',87,'5','4','1','lane_middle','5'),('17840285|7',88,'2','1','3','lane_right','2'),('17840286|7',79,'4','5','1','lane_right','5'),('17840286|7',86,'4','5','1','lane_middle','5'),('17840286|7',87,'5','4','1','lane_middle','5'),('17840286|7',88,'1','1','3','lane_right','2'),('17840287|7',79,'4','5','1','lane_right','5'),('17840287|7',86,'5','4','1','lane_middle','5'),('17840287|7',87,'5','4','1','lane_middle','5'),('17840287|7',88,'1','1','3','lane_right','1'),('17840288|7',79,'4','5','1','lane_right','5'),('17840288|7',86,'4','4','1','lane_middle','4'),('17840288|7',87,'5','4','1','lane_middle','5'),('17840288|7',88,'1','1','3','lane_right','1'),('17840289|7',79,'4','4','1','lane_right','5'),('17840289|7',86,'5','4','1','lane_middle','4'),('17840289|7',87,'5','4','1','lane_middle','5'),('17840289|7',88,'1','1','3','lane_right','1'),('17840290|7',79,'4','4','1','lane_right','5'),('17840290|7',86,'4','3','1','lane_middle','4'),('17840290|7',87,'5','4','1','lane_middle','5'),('17840290|7',88,'1','1','3','lane_right','1'),('17840291|7',79,'4','4','1','lane_right','5'),('17840291|7',86,'4','3','1','lane_middle','4'),('17840291|7',87,'5','4','1','lane_middle','5'),('17840291|7',88,'1','1','3','lane_right','1'),('17840292|7',79,'4','4','1','lane_right','4'),('17840292|7',86,'4','3','1','lane_middle','3'),('17840292|7',87,'5','4','1','lane_middle','5'),('17840292|7',88,'1','1','3','lane_right','1'),('17840293|7',79,'4','4','1','lane_right','4'),('17840293|7',86,'4','2','1','lane_middle','3'),('17840293|7',87,'5','4','1','lane_middle','5'),('17840293|7',88,'1','1','3','lane_right','1'),('17840294|7',79,'4','3','1','lane_right','4'),('17840294|7',86,'4','2','1','lane_middle','3'),('17840294|7',87,'5','4','1','lane_middle','5'),('17840294|7',88,'1','1','3','lane_right','1'),('17840295|7',79,'4','3','1','lane_right','4'),('17840295|7',86,'4','2','1','lane_middle','3'),('17840295|7',87,'5','4','1','lane_middle','5'),('17840295|7',88,'1','1','4','lane_right','1'),('17840396|8',102,'2','5','3','lane_middle','4'),('17840398|8',102,'2','5','3','lane_middle','4'),('17840399|8',102,'2','5','3','lane_middle','4'),('17840400|8',102,'2','5','3','lane_middle','4'),('17840401|8',102,'2','5','3','lane_middle','4'),('17840402|8',102,'2','5','2','lane_middle','4'),('17840403|8',102,'2','5','2','lane_middle','4'),('17840404|8',102,'2','5','2','lane_middle','4'),('17840405|8',102,'2','5','2','lane_middle','4'),('17840406|8',102,'2','5','2','lane_middle','4'),('17840407|8',102,'2','5','2','lane_middle','4'),('17840408|8',102,'2','5','2','lane_middle','4'),('17840409|8',102,'2','5','2','lane_middle','5'),('17840410|8',102,'2','5','2','lane_middle','5'),('17840411|8',102,'2','5','2','lane_middle','5'),('17840412|8',102,'3','5','2','lane_middle','5'),('17840413|8',102,'3','5','2','lane_middle','5'),('17840414|8',102,'3','5','2','lane_middle','5'),('17840415|8',102,'3','5','2','lane_middle','5'),('17840416|8',102,'3','5','2','lane_middle','5'),('17840417|8',102,'3','5','2','lane_middle','5'),('17840418|8',102,'3','5','2','lane_middle','5'),('17840419|8',102,'3','5','2','lane_middle','5'),('17840420|8',102,'3','5','2','lane_middle','5'),('17840421|8',102,'3','5','2','lane_middle','5'),('17840422|8',102,'3','5','2','lane_middle','4'),('17840423|8',102,'3','4','2','lane_middle','4'),('17840424|8',102,'3','4','2','lane_middle','4'),('17840425|8',102,'3','4','2','lane_middle','4'),('17840426|8',102,'3','4','2','lane_middle','4'),('17840427|8',102,'3','4','2','lane_middle','4'),('17840428|8',102,'3','3','2','lane_middle','4'),('17840429|8',102,'3','3','2','lane_middle','4'),('17840430|8',102,'3','3','2','lane_middle','4'),('17840431|8',102,'3','3','2','lane_right','4'),('17840432|8',102,'3','3','2','lane_right','4'),('17840433|8',102,'3','3','2','lane_right','4'),('17840434|8',102,'3','3','2','lane_right','4'),('17840435|8',102,'3','4','2','lane_right','4'),('17840436|8',102,'3','4','2','lane_right','4'),('17840437|8',102,'3','4','2','lane_right','4'),('17840438|8',102,'3','4','2','lane_right','4'),('17840439|8',102,'3','4','2','lane_right','4'),('17840440|8',102,'3','4','2','lane_right','4'),('17840441|8',102,'3','4','2','lane_right','4'),('17840442|8',102,'3','4','2','lane_right','4'),('17840443|8',102,'3','4','2','lane_right','4'),('17840444|8',102,'3','4','2','lane_right','4'),('17840445|8',102,'3','3','2','lane_right','4'),('17840446|8',102,'3','3','2','lane_right','4'),('17840447|8',102,'3','4','2','lane_right','4'),('17840448|8',102,'3','3','2','lane_right','4'),('17840449|8',102,'3','3','2','lane_right','4'),('17840450|8',102,'3','3','2','lane_right','4'),('17840451|8',102,'3','3','2','lane_right','4'),('17840452|8',102,'3','3','2','lane_right','4'),('17840453|8',102,'3','3','2','lane_right','4'),('17840454|8',102,'3','3','2','lane_right','4'),('17840455|8',102,'3','3','2','lane_right','4'),('17840456|8',102,'3','3','2','lane_right','4'),('17840457|8',102,'3','3','2','lane_right','4'),('17840458|8',102,'3','3','2','lane_right','4'),('17840459|8',102,'3','3','2','lane_right','4'),('17840460|8',102,'3','3','2','lane_right','4'),('17840461|8',102,'3','3','2','lane_right','4'),('17840462|8',102,'3','3','2','lane_right','4'),('17840463|8',102,'3','3','2','lane_right','4'),('17840464|8',102,'3','3','2','lane_right','4'),('17840465|8',102,'3','3','2','lane_right','4'),('17840466|8',102,'3','3','2','lane_right','4'),('17840467|8',102,'3','3','2','lane_right','4'),('17840468|8',102,'3','3','2','lane_right','4'),('17840469|8',102,'3','3','2','lane_right','4'),('17840470|8',102,'3','3','2','lane_right','4'),('17840471|8',102,'3','3','2','lane_right','4'),('17840472|8',102,'3','3','2','lane_right','4'),('17840473|8',102,'3','3','2','lane_right','4'),('17840474|8',102,'3','3','2','lane_right','4'),('17840475|8',102,'3','3','2','lane_right','4'),('17840476|8',102,'3','3','2','lane_right','4'),('17840477|8',102,'3','4','2','lane_right','4'),('17840478|8',102,'3','4','2','lane_right','4'),('17840479|8',102,'3','4','2','lane_right','4'),('17840480|8',102,'3','4','2','lane_right','4'),('17840481|8',102,'3','4','2','lane_right','4'),('17840482|8',102,'3','4','2','lane_right','4'),('17840483|8',102,'3','4','2','lane_right','4'),('17840484|8',102,'3','4','2','lane_right','4'),('17840485|8',102,'3','4','2','lane_right','4'),('17840486|8',102,'3','4','2','lane_right','4'),('17840487|8',102,'3','4','2','lane_right','4'),('17840488|8',102,'3','4','2','lane_right','4'),('17840489|8',102,'3','4','2','lane_right','5'),('17840490|8',102,'3','4','2','lane_right','5'),('17840491|8',102,'3','4','2','lane_right','5'),('17840492|8',102,'3','4','2','lane_right','5'),('17840493|8',102,'3','4','2','lane_right','5'),('17840494|8',102,'3','4','2','lane_right','5'),('17840495|8',102,'3','4','2','lane_right','5'),('17840496|8',102,'3','4','2','lane_right','5'),('17840497|8',102,'3','4','1','lane_right','5'),('17840498|8',102,'3','4','1','lane_right','5'),('17840599|9',105,'2','4','2','lane_middle','4'),('17840599|9',111,'3','5','2','lane_right','5'),('17840601|9',105,'2','4','2','lane_middle','4'),('17840601|9',111,'3','5','2','lane_right','5'),('17840602|9',105,'2','4','2','lane_middle','4'),('17840602|9',111,'3','5','2','lane_right','5'),('17840603|9',105,'2','5','2','lane_middle','4'),('17840603|9',111,'3','5','2','lane_middle','5'),('17840604|9',105,'2','5','2','lane_middle','4'),('17840604|9',111,'3','5','2','lane_right','5'),('17840605|9',105,'2','5','2','lane_middle','4'),('17840605|9',111,'3','5','2','lane_right','5'),('17840606|9',105,'2','5','2','lane_middle','4'),('17840606|9',111,'3','5','2','lane_right','5'),('17840607|9',105,'2','5','2','lane_middle','4'),('17840607|9',111,'3','5','2','lane_middle','5'),('17840608|9',105,'2','5','2','lane_middle','4'),('17840608|9',111,'3','5','2','lane_right','5'),('17840609|9',105,'2','5','2','lane_middle','4'),('17840609|9',111,'3','5','2','lane_right','5'),('17840610|9',105,'2','5','2','lane_middle','4'),('17840610|9',111,'3','5','2','lane_middle','4'),('17840611|9',105,'2','5','2','lane_middle','4'),('17840611|9',111,'3','5','2','lane_middle','4'),('17840612|9',105,'2','5','2','lane_middle','4'),('17840612|9',111,'3','5','2','lane_middle','4'),('17840613|9',105,'2','5','2','lane_middle','4'),('17840613|9',111,'3','5','2','lane_right','4'),('17840614|9',105,'3','5','2','lane_middle','4'),('17840614|9',111,'3','5','2','lane_right','4'),('17840615|9',105,'3','5','2','lane_middle','4'),('17840615|9',111,'3','5','2','lane_right','4'),('17840616|9',105,'3','5','2','lane_middle','4'),('17840616|9',111,'3','5','2','lane_right','4'),('17840617|9',105,'3','5','2','lane_middle','4'),('17840617|9',111,'3','5','2','lane_right','4'),('17840618|9',105,'3','5','2','lane_middle','4'),('17840618|9',111,'2','5','2','lane_middle','4'),('17840619|9',105,'3','5','2','lane_middle','4'),('17840619|9',111,'2','4','2','lane_right','4'),('17840620|9',105,'3','5','2','lane_middle','4'),('17840620|9',111,'3','4','2','lane_right','4'),('17840621|9',105,'3','5','2','lane_middle','4'),('17840621|9',111,'2','4','2','lane_middle','4'),('17840622|9',105,'3','5','2','lane_middle','4'),('17840622|9',111,'2','4','2','lane_middle','4'),('17840623|9',105,'3','5','2','lane_right','4'),('17840623|9',111,'3','4','2','lane_right','4'),('17840624|9',111,'2','4','2','lane_middle','4'),('17840625|9',111,'2','4','2','lane_right','4'),('17840626|9',111,'3','4','2','lane_right','4'),('17840627|9',111,'2','4','2','lane_middle','4'),('17840628|9',111,'2','4','2','lane_right','4'),('17840629|9',111,'3','4','2','lane_right','4'),('17840630|9',111,'2','4','2','lane_middle','4'),('17840631|9',111,'3','4','2','lane_right','4'),('17840632|9',111,'3','4','2','lane_right','4'),('17840633|9',111,'2','4','2','lane_right','4'),('17840634|9',111,'3','4','2','lane_right','4'),('17840635|9',111,'3','4','2','lane_right','4'),('17840636|9',111,'3','4','2','lane_right','4'),('17840637|9',111,'3','3','2','lane_right','4'),('17840638|9',111,'3','3','2','lane_right','4'),('17840639|9',111,'3','3','2','lane_right','4'),('17840640|9',111,'3','3','2','lane_right','4'),('17840641|9',111,'3','3','2','lane_right','4'),('17840642|9',111,'3','3','2','lane_right','4'),('17840643|9',111,'3','3','2','lane_right','4'),('17840644|9',111,'3','3','2','lane_right','4'),('17840645|9',111,'3','3','2','lane_right','4'),('17840646|9',111,'3','3','2','lane_right','4'),('17840647|9',111,'3','3','2','lane_right','4'),('17840648|9',111,'3','3','2','lane_right','4'),('17840649|9',111,'3','4','2','lane_right','4'),('17840650|9',111,'3','4','2','lane_right','4'),('17840651|9',111,'3','4','2','lane_right','4'),('17840652|9',105,'3','3','1','lane_right','4'),('17840652|9',111,'3','4','2','lane_right','4'),('17840653|9',105,'3','3','1','lane_right','4'),('17840653|9',111,'3','4','2','lane_right','4'),('17840654|9',105,'3','3','2','lane_right','4'),('17840654|9',111,'3','4','2','lane_right','4'),('17840655|9',105,'3','3','2','lane_right','4'),('17840655|9',111,'3','4','2','lane_right','5'),('17840656|9',105,'3','3','1','lane_right','4'),('17840656|9',111,'3','4','2','lane_right','5'),('17840657|9',105,'3','3','2','lane_right','4'),('17840657|9',111,'3','4','2','lane_right','5'),('17840658|9',105,'3','3','2','lane_right','4'),('17840658|9',111,'3','4','2','lane_right','5'),('17840659|9',105,'3','3','2','lane_right','4'),('17840659|9',111,'3','4','2','lane_right','5'),('17840660|9',105,'3','3','2','lane_right','4'),('17840660|9',111,'3','4','2','lane_right','5'),('17840661|9',105,'3','3','1','lane_right','4'),('17840661|9',111,'3','4','2','lane_right','5'),('17840662|9',105,'3','3','2','lane_right','4'),('17840662|9',111,'3','4','2','lane_right','5'),('17840663|9',105,'3','3','2','lane_right','4'),('17840663|9',111,'3','4','2','lane_right','5'),('17840664|9',105,'3','3','2','lane_right','4'),('17840664|9',111,'3','4','2','lane_right','5'),('17840665|9',105,'3','3','2','lane_right','4'),('17840665|9',111,'3','4','2','lane_right','5'),('17840666|9',105,'3','3','2','lane_right','4'),('17840666|9',111,'3','4','2','lane_right','5'),('17840667|9',105,'3','3','2','lane_right','4'),('17840667|9',111,'3','4','2','lane_right','5'),('17840668|9',105,'3','3','2','lane_right','4'),('17840668|9',111,'3','4','2','lane_right','5'),('17840669|9',105,'3','3','2','lane_right','4'),('17840669|9',111,'3','5','2','lane_right','5'),('17840670|9',105,'3','3','2','lane_right','4'),('17840671|9',105,'3','3','2','lane_right','4'),('17840672|9',105,'3','3','2','lane_right','4'),('17840673|9',105,'3','3','2','lane_right','4'),('17840674|9',105,'3','3','2','lane_right','4'),('17840675|9',105,'3','3','2','lane_right','4'),('17840676|9',105,'3','3','2','lane_right','4'),('17840677|9',105,'3','3','2','lane_right','4'),('17840678|9',105,'3','3','2','lane_right','4'),('17840679|9',105,'3','3','2','lane_right','4'),('17840680|9',105,'3','3','2','lane_right','4'),('17840681|9',105,'3','3','2','lane_right','4'),('17840682|9',105,'3','3','2','lane_right','4'),('17840683|9',105,'3','3','2','lane_right','4'),('17840684|9',105,'3','3','2','lane_right','4'),('17840685|9',105,'3','3','2','lane_right','4'),('17840686|9',105,'3','3','2','lane_right','4'),('17840687|9',105,'3','3','2','lane_right','4'),('17840688|9',105,'3','3','2','lane_right','4'),('17840689|9',105,'3','3','2','lane_right','4'),('17840690|9',105,'3','3','2','lane_right','4'),('17840691|9',105,'3','4','2','lane_right','4'),('17840692|9',105,'3','4','2','lane_right','4'),('17840693|9',105,'3','4','2','lane_right','4'),('17840694|9',105,'3','4','2','lane_right','4'),('17840695|9',105,'3','4','2','lane_right','4'),('17840696|9',105,'3','4','2','lane_right','4'),('17840697|9',105,'3','4','2','lane_right','4'),('17840698|9',105,'3','4','2','lane_right','4'),('17840699|9',105,'3','4','2','lane_right','4'),('17840700|9',105,'3','4','2','lane_right','4'),('17840701|9',105,'3','4','2','lane_right','4'),('17840802|1',10,'3','5','2','lane_right','4'),('17840804|1',10,'2','5','2','lane_right','4'),('17840805|1',10,'2','5','2','lane_right','4'),('17840806|1',10,'2','5','2','lane_right','4'),('17840807|1',10,'2','5','2','lane_right','4'),('17840808|1',10,'2','5','2','lane_right','4'),('17840809|1',10,'2','5','2','lane_right','4'),('17840810|1',10,'2','5','2','lane_right','4'),('17840811|1',10,'2','5','2','lane_right','4'),('17840812|1',10,'2','5','2','lane_right','4'),('17840813|1',10,'2','5','2','lane_right','4'),('17840814|1',10,'2','5','2','lane_right','4'),('17840815|1',10,'2','5','2','lane_right','4'),('17840816|1',10,'2','5','2','lane_right','4'),('17840817|1',10,'2','5','2','lane_right','4'),('17840818|1',10,'2','5','2','lane_right','4'),('17840818|1',12,'5','5','1','lane_middle','4'),('17840819|1',10,'2','5','2','lane_right','4'),('17840819|1',12,'5','5','1','lane_middle','4'),('17840820|1',10,'2','5','2','lane_right','4'),('17840820|1',12,'5','5','1','lane_middle','4'),('17840821|1',10,'2','5','2','lane_right','4'),('17840821|1',12,'5','5','1','lane_middle','4'),('17840822|1',6,'5','5','1','lane_right','5'),('17840822|1',10,'2','5','2','lane_right','4'),('17840822|1',12,'5','5','1','lane_middle','4'),('17840823|1',6,'5','5','1','lane_right','5'),('17840823|1',10,'2','5','2','lane_right','4'),('17840823|1',12,'5','5','1','lane_middle','4'),('17840824|1',6,'5','5','1','lane_right','5'),('17840824|1',10,'2','5','2','lane_right','4'),('17840824|1',12,'5','5','1','lane_middle','4'),('17840825|1',6,'5','5','1','lane_right','5'),('17840825|1',10,'2','5','2','lane_right','4'),('17840825|1',12,'5','5','1','lane_middle','4'),('17840826|1',6,'5','5','1','lane_right','5'),('17840826|1',10,'2','5','2','lane_right','4'),('17840826|1',12,'5','5','1','lane_middle','4'),('17840827|1',6,'5','5','1','lane_right','5'),('17840827|1',10,'2','5','2','lane_right','4'),('17840827|1',12,'5','5','1','lane_middle','4'),('17840828|1',6,'5','5','1','lane_right','5'),('17840828|1',10,'2','5','2','lane_right','4'),('17840828|1',12,'5','5','1','lane_middle','5'),('17840829|1',6,'5','5','1','lane_right','5'),('17840829|1',10,'2','5','2','lane_right','4'),('17840829|1',12,'4','5','1','lane_middle','5'),('17840830|1',6,'5','5','1','lane_right','5'),('17840830|1',10,'2','5','2','lane_right','4'),('17840830|1',12,'4','5','1','lane_middle','5'),('17840831|1',6,'5','5','1','lane_right','5'),('17840831|1',10,'2','5','2','lane_right','4'),('17840831|1',12,'4','5','1','lane_middle','5'),('17840832|1',6,'5','5','1','lane_right','5'),('17840832|1',10,'2','5','2','lane_right','4'),('17840832|1',12,'4','5','1','lane_middle','5'),('17840833|1',6,'5','5','1','lane_right','5'),('17840833|1',10,'2','5','2','lane_right','4'),('17840833|1',12,'4','5','1','lane_middle','5'),('17840834|1',6,'4','5','1','lane_right','5'),('17840834|1',10,'2','5','2','lane_right','4'),('17840834|1',12,'4','5','1','lane_middle','5'),('17840835|1',6,'4','5','1','lane_right','5'),('17840835|1',10,'2','5','2','lane_right','4'),('17840835|1',12,'4','5','1','lane_middle','5'),('17840836|1',6,'4','5','1','lane_right','5'),('17840836|1',10,'2','5','2','lane_right','4'),('17840836|1',12,'4','5','1','lane_middle','5'),('17840837|1',6,'4','5','1','lane_right','5'),('17840837|1',10,'2','5','2','lane_right','4'),('17840837|1',12,'4','5','1','lane_middle','5'),('17840838|1',6,'4','5','1','lane_right','5'),('17840838|1',10,'2','5','2','lane_right','3'),('17840838|1',12,'4','5','1','lane_middle','5'),('17840839|1',6,'4','5','1','lane_right','5'),('17840839|1',10,'2','5','2','lane_right','3'),('17840839|1',12,'4','5','1','lane_middle','5'),('17840840|1',6,'4','5','1','lane_right','5'),('17840840|1',10,'3','5','2','lane_right','3'),('17840840|1',12,'3','5','1','lane_middle','5'),('17840841|1',6,'4','5','1','lane_right','5'),('17840841|1',10,'3','5','2','lane_right','3'),('17840841|1',12,'3','5','2','lane_middle','5'),('17840842|1',6,'3','5','1','lane_right','5'),('17840842|1',10,'3','5','2','lane_right','3'),('17840842|1',12,'3','5','2','lane_middle','5'),('17840843|1',6,'4','5','1','lane_right','5'),('17840843|1',10,'3','5','2','lane_right','3'),('17840843|1',12,'3','5','2','lane_middle','5'),('17840844|1',6,'3','5','1','lane_right','5'),('17840844|1',10,'3','5','2','lane_right','3'),('17840844|1',12,'3','5','2','lane_middle','5'),('17840845|1',6,'3','5','1','lane_right','5'),('17840845|1',10,'3','5','2','lane_right','3'),('17840845|1',12,'3','5','2','lane_middle','5'),('17840846|1',6,'3','5','1','lane_right','5'),('17840846|1',10,'3','5','2','lane_right','3'),('17840846|1',12,'3','5','2','lane_middle','5'),('17840847|1',6,'3','5','1','lane_right','5'),('17840847|1',10,'3','5','2','lane_right','3'),('17840847|1',12,'3','5','2','lane_middle','5'),('17840848|1',6,'3','5','2','lane_right','5'),('17840848|1',10,'3','4','2','lane_right','3'),('17840848|1',12,'3','5','2','lane_middle','5'),('17840849|1',6,'3','5','2','lane_right','5'),('17840849|1',10,'3','4','2','lane_right','3'),('17840849|1',12,'3','5','2','lane_middle','5'),('17840850|1',6,'3','5','2','lane_right','5'),('17840850|1',10,'3','4','2','lane_right','3'),('17840850|1',12,'3','5','2','lane_middle','5'),('17840851|1',6,'3','5','2','lane_right','5'),('17840851|1',10,'3','4','2','lane_right','3'),('17840851|1',12,'3','5','2','lane_middle','5'),('17840852|1',6,'3','5','2','lane_right','5'),('17840852|1',10,'3','4','2','lane_right','3'),('17840852|1',12,'2','5','2','lane_middle','4'),('17840853|1',6,'3','5','2','lane_right','5'),('17840853|1',10,'3','4','2','lane_right','3'),('17840853|1',12,'3','5','2','lane_middle','4'),('17840854|1',6,'3','5','2','lane_right','5'),('17840854|1',10,'3','4','2','lane_right','3'),('17840854|1',12,'2','5','2','lane_middle','4'),('17840855|1',6,'3','5','2','lane_right','5'),('17840855|1',10,'3','4','2','lane_right','3'),('17840855|1',12,'2','5','2','lane_middle','4'),('17840856|1',6,'3','5','2','lane_right','5'),('17840856|1',10,'2','4','2','lane_right','3'),('17840856|1',12,'2','4','2','lane_middle','4'),('17840857|1',6,'3','5','2','lane_right','5'),('17840857|1',10,'2','4','2','lane_right','3'),('17840857|1',12,'2','4','2','lane_middle','4'),('17840858|1',6,'3','5','2','lane_right','5'),('17840858|1',10,'2','4','2','lane_right','3'),('17840858|1',12,'2','4','2','lane_middle','4'),('17840859|1',6,'3','5','2','lane_right','5'),('17840859|1',10,'2','4','2','lane_right','3'),('17840859|1',12,'2','4','2','lane_middle','4'),('17840860|1',6,'3','5','2','lane_right','5'),('17840860|1',10,'3','3','2','lane_right','3'),('17840860|1',12,'2','4','2','lane_middle','4'),('17840861|1',6,'3','5','2','lane_right','5'),('17840861|1',10,'2','3','2','lane_right','3'),('17840861|1',12,'2','4','2','lane_middle','4'),('17840862|1',6,'3','4','2','lane_right','5'),('17840862|1',10,'3','3','2','lane_right','3'),('17840862|1',12,'2','3','2','lane_middle','4'),('17840863|1',6,'3','4','2','lane_right','5'),('17840863|1',10,'2','3','2','lane_right','3'),('17840863|1',12,'2','3','2','lane_middle','4'),('17840864|1',6,'3','4','2','lane_right','5'),('17840864|1',10,'2','3','2','lane_right','3'),('17840864|1',12,'2','3','2','lane_middle','4'),('17840865|1',6,'3','4','2','lane_right','5'),('17840865|1',10,'2','3','2','lane_right','3'),('17840865|1',12,'2','3','2','lane_middle','4'),('17840866|1',6,'3','4','2','lane_right','5'),('17840866|1',10,'2','3','2','lane_right','3'),('17840866|1',12,'2','3','2','lane_middle','4'),('17840867|1',6,'3','4','2','lane_right','5'),('17840867|1',10,'2','3','2','lane_right','3'),('17840867|1',12,'2','3','2','lane_middle','4'),('17840868|1',6,'3','4','2','lane_right','4'),('17840868|1',10,'2','3','2','lane_right','3'),('17840868|1',12,'2','3','2','lane_middle','4'),('17840869|1',6,'3','4','2','lane_right','4'),('17840869|1',10,'2','3','2','lane_right','3'),('17840869|1',12,'2','3','2','lane_middle','4'),('17840870|1',6,'3','4','2','lane_right','4'),('17840870|1',10,'2','3','2','lane_right','4'),('17840870|1',12,'2','3','2','lane_middle','4'),('17840870|1',17,'5','5','1','lane_right','5'),('17840871|1',6,'3','4','2','lane_right','4'),('17840871|1',10,'2','3','2','lane_right','4'),('17840871|1',12,'2','3','2','lane_middle','4'),('17840871|1',17,'5','5','1','lane_right','5'),('17840872|1',6,'3','3','2','lane_right','4'),('17840872|1',10,'2','3','2','lane_right','4'),('17840872|1',12,'2','3','2','lane_middle','4'),('17840872|1',17,'5','5','1','lane_right','5'),('17840873|1',6,'2','3','2','lane_right','4'),('17840873|1',10,'2','3','2','lane_right','4'),('17840873|1',12,'2','3','2','lane_middle','4'),('17840873|1',17,'5','5','1','lane_right','5'),('17840874|1',6,'2','3','2','lane_right','3'),('17840874|1',10,'2','3','2','lane_right','4'),('17840874|1',12,'2','3','2','lane_middle','4'),('17840874|1',17,'5','5','1','lane_right','5'),('17840875|1',6,'2','3','2','lane_right','3'),('17840875|1',10,'2','3','2','lane_right','4'),('17840875|1',12,'2','3','2','lane_middle','4'),('17840875|1',17,'5','5','1','lane_right','5'),('17840876|1',6,'3','2','2','lane_right','3'),('17840876|1',10,'2','3','2','lane_right','4'),('17840876|1',12,'2','3','2','lane_middle','4'),('17840876|1',17,'5','4','1','lane_right','5'),('17840877|1',6,'2','2','2','lane_right','3'),('17840877|1',10,'2','3','2','lane_right','4'),('17840877|1',12,'2','3','2','lane_middle','4'),('17840877|1',17,'5','4','1','lane_right','5'),('17840878|1',6,'3','2','2','lane_right','3'),('17840878|1',10,'2','3','2','lane_right','4'),('17840878|1',12,'2','3','2','lane_middle','4'),('17840878|1',17,'5','4','1','lane_right','5'),('17840879|1',6,'3','2','2','lane_right','2'),('17840879|1',10,'2','3','2','lane_right','4'),('17840879|1',12,'2','3','2','lane_middle','4'),('17840879|1',17,'5','4','1','lane_right','5'),('17840880|1',6,'3','2','2','lane_right','2'),('17840880|1',10,'2','3','2','lane_right','4'),('17840880|1',12,'3','3','2','lane_middle','4'),('17840880|1',17,'5','4','1','lane_right','5'),('17840881|1',6,'3','2','2','lane_right','2'),('17840881|1',10,'2','3','2','lane_right','4'),('17840881|1',12,'2','3','2','lane_middle','4'),('17840881|1',17,'5','4','1','lane_right','5'),('17840882|1',6,'3','1','2','lane_right','2'),('17840882|1',10,'2','3','2','lane_right','4'),('17840882|1',12,'3','3','2','lane_middle','4'),('17840882|1',17,'5','4','1','lane_right','5'),('17840883|1',6,'3','1','2','lane_right','2'),('17840883|1',10,'2','3','2','lane_right','4'),('17840883|1',12,'2','3','2','lane_middle','4'),('17840883|1',17,'5','4','1','lane_right','5'),('17840884|1',6,'3','1','2','lane_right','1'),('17840884|1',10,'2','3','2','lane_right','4'),('17840884|1',12,'3','3','2','lane_middle','4'),('17840884|1',17,'5','4','1','lane_right','5'),('17840885|1',6,'3','1','2','lane_right','1'),('17840885|1',10,'2','3','2','lane_right','4'),('17840885|1',12,'2','3','2','lane_middle','4'),('17840885|1',17,'5','4','1','lane_right','5'),('17840886|1',6,'3','1','2','lane_right','1'),('17840886|1',10,'2','3','2','lane_right','4'),('17840886|1',12,'3','3','2','lane_middle','4'),('17840886|1',17,'5','4','1','lane_right','5'),('17840887|1',6,'3','1','2','lane_right','1'),('17840887|1',10,'2','4','2','lane_right','4'),('17840887|1',12,'3','3','2','lane_middle','3'),('17840887|1',17,'5','4','1','lane_right','5'),('17840888|1',6,'3','1','2','lane_right','1'),('17840888|1',10,'2','4','2','lane_right','4'),('17840888|1',12,'3','2','2','lane_middle','3'),('17840888|1',17,'5','4','1','lane_right','5'),('17840889|1',6,'3','1','2','lane_right','1'),('17840889|1',10,'2','4','2','lane_right','4'),('17840889|1',12,'3','2','2','lane_middle','3'),('17840889|1',17,'5','4','1','lane_right','5'),('17840890|1',6,'3','1','1','lane_right','1'),('17840890|1',10,'2','4','2','lane_right','4'),('17840890|1',12,'3','2','2','lane_middle','3'),('17840890|1',17,'5','4','1','lane_right','5'),('17840891|1',6,'3','1','1','lane_right','1'),('17840891|1',10,'2','4','2','lane_right','4'),('17840891|1',12,'3','2','2','lane_middle','2'),('17840891|1',17,'5','4','1','lane_right','5'),('17840892|1',6,'4','1','1','lane_right','1'),('17840892|1',10,'2','4','2','lane_right','4'),('17840892|1',12,'3','2','2','lane_middle','2'),('17840892|1',17,'5','4','1','lane_right','5'),('17840893|1',6,'4','1','1','lane_right','1'),('17840893|1',10,'2','4','2','lane_right','4'),('17840893|1',12,'3','2','2','lane_middle','2'),('17840893|1',17,'5','4','1','lane_right','5'),('17840894|1',6,'4','1','1','lane_right','1'),('17840894|1',10,'2','4','2','lane_right','4'),('17840894|1',12,'3','1','2','lane_middle','2'),('17840894|1',17,'5','4','1','lane_right','5'),('17840895|1',6,'4','1','1','lane_right','1'),('17840895|1',10,'2','4','2','lane_right','4'),('17840895|1',12,'3','1','2','lane_middle','1'),('17840895|1',17,'5','4','1','lane_right','5'),('17840896|1',6,'4','1','1','lane_right','1'),('17840896|1',10,'2','4','2','lane_right','4'),('17840896|1',12,'3','1','2','lane_middle','1'),('17840896|1',17,'5','4','1','lane_right','5'),('17840897|1',6,'4','1','1','lane_middle','1'),('17840897|1',10,'2','4','2','lane_right','4'),('17840897|1',12,'3','1','2','lane_middle','1'),('17840897|1',17,'5','4','1','lane_right','5'),('17840898|1',6,'4','1','1','lane_right','1'),('17840898|1',10,'2','4','2','lane_right','4'),('17840898|1',12,'3','1','1','lane_middle','1'),('17840898|1',17,'5','4','1','lane_right','5'),('17840899|1',6,'4','1','1','lane_right','1'),('17840899|1',10,'2','4','2','lane_right','4'),('17840899|1',12,'3','1','1','lane_middle','1'),('17840899|1',17,'5','4','1','lane_right','5'),('17840900|1',6,'5','1','1','lane_middle','1'),('17840900|1',10,'2','4','2','lane_right','4'),('17840900|1',12,'4','1','1','lane_middle','1'),('17840900|1',17,'5','4','1','lane_right','5'),('17840901|1',6,'5','1','1','lane_middle','1'),('17840901|1',10,'2','4','2','lane_right','4'),('17840901|1',12,'4','1','1','lane_middle','1'),('17840901|1',17,'5','4','1','lane_right','5'),('17840902|1',6,'5','1','1','lane_middle','1'),('17840902|1',10,'2','4','2','lane_right','4'),('17840902|1',12,'4','1','1','lane_middle','1'),('17840902|1',17,'5','4','1','lane_right','5'),('17840903|1',6,'5','1','1','lane_middle','1'),('17840903|1',10,'2','4','2','lane_right','4'),('17840903|1',12,'4','1','1','lane_middle','1'),('17840903|1',17,'5','4','1','lane_right','5'),('17840904|1',6,'5','1','1','lane_middle','1'),('17840904|1',10,'2','4','2','lane_right','4'),('17840904|1',12,'4','1','1','lane_middle','1'),('17840904|1',17,'5','4','1','lane_right','5');
/*!40000 ALTER TABLE `relation` ENABLE KEYS */;
UNLOCK TABLES;

--
-- Table structure for table `succ_frame`
--

DROP TABLE IF EXISTS `succ_frame`;
/*!40101 SET @saved_cs_client     = @@character_set_client */;
/*!40101 SET character_set_client = utf8 */;
CREATE TABLE `succ_frame` (
  `f_id1` varchar(100) NOT NULL,
  `f_id2` varchar(100) NOT NULL,
  PRIMARY KEY (`f_id1`,`f_id2`),
  KEY `f_id2` (`f_id2`),
  CONSTRAINT `succ_frame_ibfk_1` FOREIGN KEY (`f_id1`) REFERENCES `frames` (`f_id`),
  CONSTRAINT `succ_frame_ibfk_2` FOREIGN KEY (`f_id2`) REFERENCES `frames` (`f_id`)
) ENGINE=InnoDB DEFAULT CHARSET=utf8mb4 COLLATE=utf8mb4_general_ci;
/*!40101 SET character_set_client = @saved_cs_client */;

--
-- Dumping data for table `succ_frame`
--

LOCK TABLES `succ_frame` WRITE;
/*!40000 ALTER TABLE `succ_frame` DISABLE KEYS */;
INSERT INTO `succ_frame` VALUES ('17791604|6','17791606|6'),('17791606|6','17791607|6'),('17791607|6','17791608|6'),('17791608|6','17791609|6'),('17791609|6','17791610|6'),('17791610|6','17791611|6'),('17791611|6','17791612|6'),('17791612|6','17791613|6'),('17791613|6','17791614|6'),('17791614|6','17791615|6'),('17791615|6','17791616|6'),('17791616|6','17791617|6'),('17791617|6','17791618|6'),('17791618|6','17791619|6'),('17791619|6','17791620|6'),('17791620|6','17791621|6'),('17791621|6','17791622|6'),('17791622|6','17791623|6'),('17791623|6','17791624|6'),('17791624|6','17791625|6'),('17791625|6','17791626|6'),('17791626|6','17791627|6'),('17791627|6','17791628|6'),('17791628|6','17791629|6'),('17791629|6','17791630|6'),('17791630|6','17791631|6'),('17791631|6','17791632|6'),('17791632|6','17791633|6'),('17791633|6','17791634|6'),('17791634|6','17791635|6'),('17791635|6','17791636|6'),('17791636|6','17791637|6'),('17791637|6','17791638|6'),('17791638|6','17791639|6'),('17791639|6','17791640|6'),('17791640|6','17791641|6'),('17791641|6','17791642|6'),('17791642|6','17791643|6'),('17791643|6','17791644|6'),('17791644|6','17791645|6'),('17791645|6','17791646|6'),('17791646|6','17791647|6'),('17791647|6','17791648|6'),('17791648|6','17791649|6'),('17791649|6','17791650|6'),('17791650|6','17791651|6'),('17791651|6','17791652|6'),('17791652|6','17791653|6'),('17791653|6','17791654|6'),('17791654|6','17791655|6'),('17791655|6','17791656|6'),('17791656|6','17791657|6'),('17791657|6','17791658|6'),('17791658|6','17791659|6'),('17791659|6','17791660|6'),('17791660|6','17791661|6'),('17791661|6','17791662|6'),('17791662|6','17791663|6'),('17791663|6','17791664|6'),('17791664|6','17791665|6'),('17791665|6','17791666|6'),('17791666|6','17791667|6'),('17791667|6','17791668|6'),('17791668|6','17791669|6'),('17791669|6','17791670|6'),('17791670|6','17791671|6'),('17791671|6','17791672|6'),('17791672|6','17791673|6'),('17791673|6','17791674|6'),('17791674|6','17791675|6'),('17791675|6','17791676|6'),('17791676|6','17791677|6'),('17791677|6','17791678|6'),('17791678|6','17791679|6'),('17791679|6','17791680|6'),('17791680|6','17791681|6'),('17791681|6','17791682|6'),('17791682|6','17791683|6'),('17791683|6','17791684|6'),('17791684|6','17791685|6'),('17791685|6','17791686|6'),('17791686|6','17791687|6'),('17791687|6','17791688|6'),('17791688|6','17791689|6'),('17791689|6','17791690|6'),('17791690|6','17791691|6'),('17791691|6','17791692|6'),('17791692|6','17791693|6'),('17791693|6','17791694|6'),('17791694|6','17791695|6'),('17791695|6','17791696|6'),('17791696|6','17791697|6'),('17791697|6','17791698|6'),('17791698|6','17791699|6'),('17791699|6','17791700|6'),('17794829|0','17794831|0'),('17794831|0','17794832|0'),('17794832|0','17794833|0'),('17794833|0','17794834|0'),('17794834|0','17794835|0'),('17794835|0','17794836|0'),('17794836|0','17794837|0'),('17794837|0','17794838|0'),('17794838|0','17794839|0'),('17794839|0','17794840|0'),('17794840|0','17794841|0'),('17794841|0','17794842|0'),('17794842|0','17794843|0'),('17794843|0','17794844|0'),('17794844|0','17794845|0'),('17794845|0','17794846|0'),('17794846|0','17794847|0'),('17794847|0','17794848|0'),('17794848|0','17794849|0'),('17794849|0','17794850|0'),('17794850|0','17794851|0'),('17794851|0','17794852|0'),('17794852|0','17794853|0'),('17794853|0','17794854|0'),('17794854|0','17794855|0'),('17794855|0','17794856|0'),('17794856|0','17794857|0'),('17794857|0','17794858|0'),('17794858|0','17794859|0'),('17794859|0','17794860|0'),('17794860|0','17794861|0'),('17794861|0','17794862|0'),('17794862|0','17794863|0'),('17794863|0','17794864|0'),('17794864|0','17794865|0'),('17794865|0','17794866|0'),('17794866|0','17794867|0'),('17794867|0','17794868|0'),('17794868|0','17794869|0'),('17794869|0','17794870|0'),('17794870|0','17794871|0'),('17794871|0','17794872|0'),('17794872|0','17794873|0'),('17794873|0','17794874|0'),('17794874|0','17794875|0'),('17794875|0','17794876|0'),('17838841|2','17838843|2'),('17838843|2','17838844|2'),('17838844|2','17838845|2'),('17838845|2','17838846|2'),('17838846|2','17838847|2'),('17838847|2','17838848|2'),('17838848|2','17838849|2'),('17838849|2','17838850|2'),('17838850|2','17838851|2'),('17838851|2','17838852|2'),('17838852|2','17838853|2'),('17838853|2','17838854|2'),('17838854|2','17838855|2'),('17838855|2','17838856|2'),('17838856|2','17838857|2'),('17838857|2','17838858|2'),('17838858|2','17838859|2'),('17838859|2','17838860|2'),('17838860|2','17838861|2'),('17838861|2','17838862|2'),('17838862|2','17838863|2'),('17838863|2','17838864|2'),('17838864|2','17838865|2'),('17838865|2','17838866|2'),('17838866|2','17838867|2'),('17838867|2','17838868|2'),('17838868|2','17838869|2'),('17838869|2','17838870|2'),('17838870|2','17838871|2'),('17838871|2','17838872|2'),('17838872|2','17838873|2'),('17838873|2','17838874|2'),('17838874|2','17838875|2'),('17838875|2','17838876|2'),('17838876|2','17838877|2'),('17838877|2','17838878|2'),('17838878|2','17838879|2'),('17838879|2','17838880|2'),('17838880|2','17838881|2'),('17838881|2','17838882|2'),('17838882|2','17838883|2'),('17838883|2','17838884|2'),('17838884|2','17838885|2'),('17838885|2','17838886|2'),('17838886|2','17838887|2'),('17838887|2','17838888|2'),('17838888|2','17838889|2'),('17838889|2','17838890|2'),('17838890|2','17838891|2'),('17838891|2','17838892|2'),('17838892|2','17838893|2'),('17838893|2','17838894|2'),('17838894|2','17838895|2'),('17838895|2','17838896|2'),('17838896|2','17838897|2'),('17838897|2','17838898|2'),('17838898|2','17838899|2'),('17838899|2','17838900|2'),('17838900|2','17838901|2'),('17838901|2','17838902|2'),('17838902|2','17838903|2'),('17838903|2','17838904|2'),('17838904|2','17838905|2'),('17838905|2','17838906|2'),('17838906|2','17838907|2'),('17838907|2','17838908|2'),('17838908|2','17838909|2'),('17838909|2','17838910|2'),('17838910|2','17838911|2'),('17838911|2','17838912|2'),('17838912|2','17838913|2'),('17838913|2','17838914|2'),('17838914|2','17838915|2'),('17838915|2','17838916|2'),('17838916|2','17838917|2'),('17838917|2','17838918|2'),('17838918|2','17838919|2'),('17838919|2','17838920|2'),('17838920|2','17838921|2'),('17838921|2','17838922|2'),('17838922|2','17838923|2'),('17838923|2','17838924|2'),('17838924|2','17838925|2'),('17838925|2','17838926|2'),('17838926|2','17838927|2'),('17838927|2','17838928|2'),('17838928|2','17838929|2'),('17838929|2','17838930|2'),('17838930|2','17838931|2'),('17838931|2','17838932|2'),('17838932|2','17838933|2'),('17838933|2','17838934|2'),('17838934|2','17838935|2'),('17838935|2','17838936|2'),('17838936|2','17838937|2'),('17838937|2','17838938|2'),('17838938|2','17838939|2'),('17838939|2','17838940|2'),('17838940|2','17838941|2'),('17838941|2','17838942|2'),('17838942|2','17838943|2'),('17839044|3','17839046|3'),('17839046|3','17839047|3'),('17839047|3','17839048|3'),('17839048|3','17839049|3'),('17839049|3','17839050|3'),('17839050|3','17839051|3'),('17839051|3','17839052|3'),('17839052|3','17839053|3'),('17839053|3','17839054|3'),('17839054|3','17839055|3'),('17839055|3','17839056|3'),('17839056|3','17839057|3'),('17839057|3','17839058|3'),('17839058|3','17839059|3'),('17839059|3','17839060|3'),('17839060|3','17839061|3'),('17839061|3','17839062|3'),('17839062|3','17839063|3'),('17839063|3','17839064|3'),('17839064|3','17839065|3'),('17839065|3','17839066|3'),('17839066|3','17839067|3'),('17839067|3','17839068|3'),('17839068|3','17839069|3'),('17839069|3','17839070|3'),('17839070|3','17839071|3'),('17839071|3','17839072|3'),('17839072|3','17839073|3'),('17839073|3','17839074|3'),('17839074|3','17839075|3'),('17839075|3','17839076|3'),('17839076|3','17839077|3'),('17839077|3','17839078|3'),('17839078|3','17839079|3'),('17839079|3','17839080|3'),('17839080|3','17839081|3'),('17839081|3','17839082|3'),('17839082|3','17839083|3'),('17839083|3','17839084|3'),('17839084|3','17839085|3'),('17839085|3','17839086|3'),('17839086|3','17839087|3'),('17839087|3','17839088|3'),('17839088|3','17839089|3'),('17839089|3','17839090|3'),('17839090|3','17839091|3'),('17839091|3','17839092|3'),('17839092|3','17839093|3'),('17839093|3','17839094|3'),('17839094|3','17839095|3'),('17839095|3','17839096|3'),('17839096|3','17839097|3'),('17839097|3','17839098|3'),('17839098|3','17839099|3'),('17839099|3','17839100|3'),('17839100|3','17839101|3'),('17839101|3','17839102|3'),('17839102|3','17839103|3'),('17839103|3','17839104|3'),('17839104|3','17839105|3'),('17839105|3','17839106|3'),('17839106|3','17839107|3'),('17839107|3','17839108|3'),('17839108|3','17839109|3'),('17839109|3','17839110|3'),('17839110|3','17839111|3'),('17839111|3','17839112|3'),('17839112|3','17839113|3'),('17839113|3','17839114|3'),('17839114|3','17839115|3'),('17839115|3','17839116|3'),('17839116|3','17839117|3'),('17839117|3','17839118|3'),('17839118|3','17839119|3'),('17839119|3','17839120|3'),('17839120|3','17839121|3'),('17839121|3','17839122|3'),('17839122|3','17839123|3'),('17839123|3','17839124|3'),('17839124|3','17839125|3'),('17839125|3','17839126|3'),('17839126|3','17839127|3'),('17839127|3','17839128|3'),('17839128|3','17839129|3'),('17839129|3','17839130|3'),('17839130|3','17839131|3'),('17839131|3','17839132|3'),('17839132|3','17839133|3'),('17839133|3','17839134|3'),('17839134|3','17839135|3'),('17839135|3','17839136|3'),('17839136|3','17839137|3'),('17839137|3','17839138|3'),('17839138|3','17839139|3'),('17839139|3','17839140|3'),('17839140|3','17839141|3'),('17839141|3','17839142|3'),('17839142|3','17839143|3'),('17839143|3','17839144|3'),('17839144|3','17839145|3'),('17839145|3','17839146|3'),('17839247|4','17839249|4'),('17839249|4','17839250|4'),('17839250|4','17839251|4'),('17839251|4','17839252|4'),('17839252|4','17839253|4'),('17839253|4','17839254|4'),('17839254|4','17839255|4'),('17839255|4','17839256|4'),('17839256|4','17839257|4'),('17839257|4','17839258|4'),('17839258|4','17839259|4'),('17839259|4','17839260|4'),('17839260|4','17839261|4'),('17839261|4','17839262|4'),('17839262|4','17839263|4'),('17839263|4','17839264|4'),('17839264|4','17839265|4'),('17839265|4','17839266|4'),('17839266|4','17839267|4'),('17839267|4','17839268|4'),('17839268|4','17839269|4'),('17839269|4','17839270|4'),('17839270|4','17839271|4'),('17839271|4','17839272|4'),('17839272|4','17839273|4'),('17839273|4','17839274|4'),('17839274|4','17839275|4'),('17839275|4','17839276|4'),('17839276|4','17839277|4'),('17839277|4','17839278|4'),('17839278|4','17839279|4'),('17839279|4','17839280|4'),('17839280|4','17839281|4'),('17839281|4','17839282|4'),('17839282|4','17839283|4'),('17839283|4','17839284|4'),('17839284|4','17839285|4'),('17839285|4','17839286|4'),('17839286|4','17839287|4'),('17839287|4','17839288|4'),('17839288|4','17839289|4'),('17839289|4','17839290|4'),('17839290|4','17839291|4'),('17839291|4','17839292|4'),('17839292|4','17839293|4'),('17839293|4','17839294|4'),('17839294|4','17839295|4'),('17839295|4','17839296|4'),('17839296|4','17839297|4'),('17839297|4','17839298|4'),('17839298|4','17839299|4'),('17839299|4','17839300|4'),('17839300|4','17839301|4'),('17839301|4','17839302|4'),('17839302|4','17839303|4'),('17839303|4','17839304|4'),('17839304|4','17839305|4'),('17839305|4','17839306|4'),('17839306|4','17839307|4'),('17839307|4','17839308|4'),('17839308|4','17839309|4'),('17839309|4','17839310|4'),('17839310|4','17839311|4'),('17839311|4','17839312|4'),('17839312|4','17839313|4'),('17839313|4','17839314|4'),('17839314|4','17839315|4'),('17839315|4','17839316|4'),('17839617|5','17839619|5'),('17839619|5','17839620|5'),('17839620|5','17839621|5'),('17839621|5','17839622|5'),('17839622|5','17839623|5'),('17839623|5','17839624|5'),('17839624|5','17839625|5'),('17839625|5','17839626|5'),('17839626|5','17839627|5'),('17839627|5','17839628|5'),('17839628|5','17839629|5'),('17839629|5','17839630|5'),('17839630|5','17839631|5'),('17839631|5','17839632|5'),('17839632|5','17839633|5'),('17839633|5','17839634|5'),('17839634|5','17839635|5'),('17839635|5','17839636|5'),('17839636|5','17839637|5'),('17839637|5','17839638|5'),('17839638|5','17839639|5'),('17839639|5','17839640|5'),('17839640|5','17839641|5'),('17839641|5','17839642|5'),('17839642|5','17839643|5'),('17839643|5','17839644|5'),('17839644|5','17839645|5'),('17839645|5','17839646|5'),('17839646|5','17839647|5'),('17839647|5','17839648|5'),('17839648|5','17839649|5'),('17839649|5','17839650|5'),('17839650|5','17839651|5'),('17839651|5','17839652|5'),('17839652|5','17839653|5'),('17839653|5','17839654|5'),('17839654|5','17839655|5'),('17839655|5','17839656|5'),('17839656|5','17839657|5'),('17839657|5','17839658|5'),('17839658|5','17839659|5'),('17839659|5','17839660|5'),('17839660|5','17839661|5'),('17839661|5','17839662|5'),('17839662|5','17839663|5'),('17839663|5','17839664|5'),('17839664|5','17839665|5'),('17839665|5','17839666|5'),('17839666|5','17839667|5'),('17839667|5','17839668|5'),('17839668|5','17839669|5'),('17839669|5','17839670|5'),('17839670|5','17839671|5'),('17839671|5','17839672|5'),('17839672|5','17839673|5'),('17839673|5','17839674|5'),('17839674|5','17839675|5'),('17839675|5','17839676|5'),('17839676|5','17839677|5'),('17839677|5','17839678|5'),('17839678|5','17839679|5'),('17839679|5','17839680|5'),('17839680|5','17839681|5'),('17839681|5','17839682|5'),('17839682|5','17839683|5'),('17839683|5','17839684|5'),('17839684|5','17839685|5'),('17839685|5','17839686|5'),('17839686|5','17839687|5'),('17839687|5','17839688|5'),('17839688|5','17839689|5'),('17839689|5','17839690|5'),('17839690|5','17839691|5'),('17839691|5','17839692|5'),('17839692|5','17839693|5'),('17839693|5','17839694|5'),('17839694|5','17839695|5'),('17839695|5','17839696|5'),('17839696|5','17839697|5'),('17839697|5','17839698|5'),('17839698|5','17839699|5'),('17839699|5','17839700|5'),('17839700|5','17839701|5'),('17839701|5','17839702|5'),('17839702|5','17839703|5'),('17839703|5','17839704|5'),('17839704|5','17839705|5'),('17839705|5','17839706|5'),('17839706|5','17839707|5'),('17839707|5','17839708|5'),('17839708|5','17839709|5'),('17839709|5','17839710|5'),('17839710|5','17839711|5'),('17839711|5','17839712|5'),('17839712|5','17839713|5'),('17839713|5','17839714|5'),('17839714|5','17839715|5'),('17839715|5','17839716|5'),('17839716|5','17839717|5'),('17839717|5','17839718|5'),('17839718|5','17839719|5'),('17840193|7','17840195|7'),('17840195|7','17840196|7'),('17840196|7','17840197|7'),('17840197|7','17840198|7'),('17840198|7','17840199|7'),('17840199|7','17840200|7'),('17840200|7','17840201|7'),('17840201|7','17840202|7'),('17840202|7','17840203|7'),('17840203|7','17840204|7'),('17840204|7','17840205|7'),('17840205|7','17840206|7'),('17840206|7','17840207|7'),('17840207|7','17840208|7'),('17840208|7','17840209|7'),('17840209|7','17840210|7'),('17840210|7','17840211|7'),('17840211|7','17840212|7'),('17840212|7','17840213|7'),('17840213|7','17840214|7'),('17840214|7','17840215|7'),('17840215|7','17840216|7'),('17840216|7','17840217|7'),('17840217|7','17840218|7'),('17840218|7','17840219|7'),('17840219|7','17840220|7'),('17840220|7','17840221|7'),('17840221|7','17840222|7'),('17840222|7','17840223|7'),('17840223|7','17840224|7'),('17840224|7','17840225|7'),('17840225|7','17840226|7'),('17840226|7','17840227|7'),('17840227|7','17840228|7'),('17840228|7','17840229|7'),('17840229|7','17840230|7'),('17840230|7','17840231|7'),('17840231|7','17840232|7'),('17840232|7','17840233|7'),('17840233|7','17840234|7'),('17840234|7','17840235|7'),('17840235|7','17840236|7'),('17840236|7','17840237|7'),('17840237|7','17840238|7'),('17840238|7','17840239|7'),('17840239|7','17840240|7'),('17840240|7','17840241|7'),('17840241|7','17840242|7'),('17840242|7','17840243|7'),('17840243|7','17840244|7'),('17840244|7','17840245|7'),('17840245|7','17840246|7'),('17840246|7','17840247|7'),('17840247|7','17840248|7'),('17840248|7','17840249|7'),('17840249|7','17840250|7'),('17840250|7','17840251|7'),('17840251|7','17840252|7'),('17840252|7','17840253|7'),('17840253|7','17840254|7'),('17840254|7','17840255|7'),('17840255|7','17840256|7'),('17840256|7','17840257|7'),('17840257|7','17840258|7'),('17840258|7','17840259|7'),('17840259|7','17840260|7'),('17840260|7','17840261|7'),('17840261|7','17840262|7'),('17840262|7','17840263|7'),('17840263|7','17840264|7'),('17840264|7','17840265|7'),('17840265|7','17840266|7'),('17840266|7','17840267|7'),('17840267|7','17840268|7'),('17840268|7','17840269|7'),('17840269|7','17840270|7'),('17840270|7','17840271|7'),('17840271|7','17840272|7'),('17840272|7','17840273|7'),('17840273|7','17840274|7'),('17840274|7','17840275|7'),('17840275|7','17840276|7'),('17840276|7','17840277|7'),('17840277|7','17840278|7'),('17840278|7','17840279|7'),('17840279|7','17840280|7'),('17840280|7','17840281|7'),('17840281|7','17840282|7'),('17840282|7','17840283|7'),('17840283|7','17840284|7'),('17840284|7','17840285|7'),('17840285|7','17840286|7'),('17840286|7','17840287|7'),('17840287|7','17840288|7'),('17840288|7','17840289|7'),('17840289|7','17840290|7'),('17840290|7','17840291|7'),('17840291|7','17840292|7'),('17840292|7','17840293|7'),('17840293|7','17840294|7'),('17840294|7','17840295|7'),('17840396|8','17840398|8'),('17840398|8','17840399|8'),('17840399|8','17840400|8'),('17840400|8','17840401|8'),('17840401|8','17840402|8'),('17840402|8','17840403|8'),('17840403|8','17840404|8'),('17840404|8','17840405|8'),('17840405|8','17840406|8'),('17840406|8','17840407|8'),('17840407|8','17840408|8'),('17840408|8','17840409|8'),('17840409|8','17840410|8'),('17840410|8','17840411|8'),('17840411|8','17840412|8'),('17840412|8','17840413|8'),('17840413|8','17840414|8'),('17840414|8','17840415|8'),('17840415|8','17840416|8'),('17840416|8','17840417|8'),('17840417|8','17840418|8'),('17840418|8','17840419|8'),('17840419|8','17840420|8'),('17840420|8','17840421|8'),('17840421|8','17840422|8'),('17840422|8','17840423|8'),('17840423|8','17840424|8'),('17840424|8','17840425|8'),('17840425|8','17840426|8'),('17840426|8','17840427|8'),('17840427|8','17840428|8'),('17840428|8','17840429|8'),('17840429|8','17840430|8'),('17840430|8','17840431|8'),('17840431|8','17840432|8'),('17840432|8','17840433|8'),('17840433|8','17840434|8'),('17840434|8','17840435|8'),('17840435|8','17840436|8'),('17840436|8','17840437|8'),('17840437|8','17840438|8'),('17840438|8','17840439|8'),('17840439|8','17840440|8'),('17840440|8','17840441|8'),('17840441|8','17840442|8'),('17840442|8','17840443|8'),('17840443|8','17840444|8'),('17840444|8','17840445|8'),('17840445|8','17840446|8'),('17840446|8','17840447|8'),('17840447|8','17840448|8'),('17840448|8','17840449|8'),('17840449|8','17840450|8'),('17840450|8','17840451|8'),('17840451|8','17840452|8'),('17840452|8','17840453|8'),('17840453|8','17840454|8'),('17840454|8','17840455|8'),('17840455|8','17840456|8'),('17840456|8','17840457|8'),('17840457|8','17840458|8'),('17840458|8','17840459|8'),('17840459|8','17840460|8'),('17840460|8','17840461|8'),('17840461|8','17840462|8'),('17840462|8','17840463|8'),('17840463|8','17840464|8'),('17840464|8','17840465|8'),('17840465|8','17840466|8'),('17840466|8','17840467|8'),('17840467|8','17840468|8'),('17840468|8','17840469|8'),('17840469|8','17840470|8'),('17840470|8','17840471|8'),('17840471|8','17840472|8'),('17840472|8','17840473|8'),('17840473|8','17840474|8'),('17840474|8','17840475|8'),('17840475|8','17840476|8'),('17840476|8','17840477|8'),('17840477|8','17840478|8'),('17840478|8','17840479|8'),('17840479|8','17840480|8'),('17840480|8','17840481|8'),('17840481|8','17840482|8'),('17840482|8','17840483|8'),('17840483|8','17840484|8'),('17840484|8','17840485|8'),('17840485|8','17840486|8'),('17840486|8','17840487|8'),('17840487|8','17840488|8'),('17840488|8','17840489|8'),('17840489|8','17840490|8'),('17840490|8','17840491|8'),('17840491|8','17840492|8'),('17840492|8','17840493|8'),('17840493|8','17840494|8'),('17840494|8','17840495|8'),('17840495|8','17840496|8'),('17840496|8','17840497|8'),('17840497|8','17840498|8'),('17840599|9','17840601|9'),('17840601|9','17840602|9'),('17840602|9','17840603|9'),('17840603|9','17840604|9'),('17840604|9','17840605|9'),('17840605|9','17840606|9'),('17840606|9','17840607|9'),('17840607|9','17840608|9'),('17840608|9','17840609|9'),('17840609|9','17840610|9'),('17840610|9','17840611|9'),('17840611|9','17840612|9'),('17840612|9','17840613|9'),('17840613|9','17840614|9'),('17840614|9','17840615|9'),('17840615|9','17840616|9'),('17840616|9','17840617|9'),('17840617|9','17840618|9'),('17840618|9','17840619|9'),('17840619|9','17840620|9'),('17840620|9','17840621|9'),('17840621|9','17840622|9'),('17840622|9','17840623|9'),('17840623|9','17840624|9'),('17840624|9','17840625|9'),('17840625|9','17840626|9'),('17840626|9','17840627|9'),('17840627|9','17840628|9'),('17840628|9','17840629|9'),('17840629|9','17840630|9'),('17840630|9','17840631|9'),('17840631|9','17840632|9'),('17840632|9','17840633|9'),('17840633|9','17840634|9'),('17840634|9','17840635|9'),('17840635|9','17840636|9'),('17840636|9','17840637|9'),('17840637|9','17840638|9'),('17840638|9','17840639|9'),('17840639|9','17840640|9'),('17840640|9','17840641|9'),('17840641|9','17840642|9'),('17840642|9','17840643|9'),('17840643|9','17840644|9'),('17840644|9','17840645|9'),('17840645|9','17840646|9'),('17840646|9','17840647|9'),('17840647|9','17840648|9'),('17840648|9','17840649|9'),('17840649|9','17840650|9'),('17840650|9','17840651|9'),('17840651|9','17840652|9'),('17840652|9','17840653|9'),('17840653|9','17840654|9'),('17840654|9','17840655|9'),('17840655|9','17840656|9'),('17840656|9','17840657|9'),('17840657|9','17840658|9'),('17840658|9','17840659|9'),('17840659|9','17840660|9'),('17840660|9','17840661|9'),('17840661|9','17840662|9'),('17840662|9','17840663|9'),('17840663|9','17840664|9'),('17840664|9','17840665|9'),('17840665|9','17840666|9'),('17840666|9','17840667|9'),('17840667|9','17840668|9'),('17840668|9','17840669|9'),('17840669|9','17840670|9'),('17840670|9','17840671|9'),('17840671|9','17840672|9'),('17840672|9','17840673|9'),('17840673|9','17840674|9'),('17840674|9','17840675|9'),('17840675|9','17840676|9'),('17840676|9','17840677|9'),('17840677|9','17840678|9'),('17840678|9','17840679|9'),('17840679|9','17840680|9'),('17840680|9','17840681|9'),('17840681|9','17840682|9'),('17840682|9','17840683|9'),('17840683|9','17840684|9'),('17840684|9','17840685|9'),('17840685|9','17840686|9'),('17840686|9','17840687|9'),('17840687|9','17840688|9'),('17840688|9','17840689|9'),('17840689|9','17840690|9'),('17840690|9','17840691|9'),('17840691|9','17840692|9'),('17840692|9','17840693|9'),('17840693|9','17840694|9'),('17840694|9','17840695|9'),('17840695|9','17840696|9'),('17840696|9','17840697|9'),('17840697|9','17840698|9'),('17840698|9','17840699|9'),('17840699|9','17840700|9'),('17840700|9','17840701|9'),('17840802|1','17840804|1'),('17840804|1','17840805|1'),('17840805|1','17840806|1'),('17840806|1','17840807|1'),('17840807|1','17840808|1'),('17840808|1','17840809|1'),('17840809|1','17840810|1'),('17840810|1','17840811|1'),('17840811|1','17840812|1'),('17840812|1','17840813|1'),('17840813|1','17840814|1'),('17840814|1','17840815|1'),('17840815|1','17840816|1'),('17840816|1','17840817|1'),('17840817|1','17840818|1'),('17840818|1','17840819|1'),('17840819|1','17840820|1'),('17840820|1','17840821|1'),('17840821|1','17840822|1'),('17840822|1','17840823|1'),('17840823|1','17840824|1'),('17840824|1','17840825|1'),('17840825|1','17840826|1'),('17840826|1','17840827|1'),('17840827|1','17840828|1'),('17840828|1','17840829|1'),('17840829|1','17840830|1'),('17840830|1','17840831|1'),('17840831|1','17840832|1'),('17840832|1','17840833|1'),('17840833|1','17840834|1'),('17840834|1','17840835|1'),('17840835|1','17840836|1'),('17840836|1','17840837|1'),('17840837|1','17840838|1'),('17840838|1','17840839|1'),('17840839|1','17840840|1'),('17840840|1','17840841|1'),('17840841|1','17840842|1'),('17840842|1','17840843|1'),('17840843|1','17840844|1'),('17840844|1','17840845|1'),('17840845|1','17840846|1'),('17840846|1','17840847|1'),('17840847|1','17840848|1'),('17840848|1','17840849|1'),('17840849|1','17840850|1'),('17840850|1','17840851|1'),('17840851|1','17840852|1'),('17840852|1','17840853|1'),('17840853|1','17840854|1'),('17840854|1','17840855|1'),('17840855|1','17840856|1'),('17840856|1','17840857|1'),('17840857|1','17840858|1'),('17840858|1','17840859|1'),('17840859|1','17840860|1'),('17840860|1','17840861|1'),('17840861|1','17840862|1'),('17840862|1','17840863|1'),('17840863|1','17840864|1'),('17840864|1','17840865|1'),('17840865|1','17840866|1'),('17840866|1','17840867|1'),('17840867|1','17840868|1'),('17840868|1','17840869|1'),('17840869|1','17840870|1'),('17840870|1','17840871|1'),('17840871|1','17840872|1'),('17840872|1','17840873|1'),('17840873|1','17840874|1'),('17840874|1','17840875|1'),('17840875|1','17840876|1'),('17840876|1','17840877|1'),('17840877|1','17840878|1'),('17840878|1','17840879|1'),('17840879|1','17840880|1'),('17840880|1','17840881|1'),('17840881|1','17840882|1'),('17840882|1','17840883|1'),('17840883|1','17840884|1'),('17840884|1','17840885|1'),('17840885|1','17840886|1'),('17840886|1','17840887|1'),('17840887|1','17840888|1'),('17840888|1','17840889|1'),('17840889|1','17840890|1'),('17840890|1','17840891|1'),('17840891|1','17840892|1'),('17840892|1','17840893|1'),('17840893|1','17840894|1'),('17840894|1','17840895|1'),('17840895|1','17840896|1'),('17840896|1','17840897|1'),('17840897|1','17840898|1'),('17840898|1','17840899|1'),('17840899|1','17840900|1'),('17840900|1','17840901|1'),('17840901|1','17840902|1'),('17840902|1','17840903|1'),('17840903|1','17840904|1');
/*!40000 ALTER TABLE `succ_frame` ENABLE KEYS */;
UNLOCK TABLES;
/*!40103 SET TIME_ZONE=@OLD_TIME_ZONE */;

/*!40101 SET SQL_MODE=@OLD_SQL_MODE */;
/*!40014 SET FOREIGN_KEY_CHECKS=@OLD_FOREIGN_KEY_CHECKS */;
/*!40014 SET UNIQUE_CHECKS=@OLD_UNIQUE_CHECKS */;
/*!40101 SET CHARACTER_SET_CLIENT=@OLD_CHARACTER_SET_CLIENT */;
/*!40101 SET CHARACTER_SET_RESULTS=@OLD_CHARACTER_SET_RESULTS */;
/*!40101 SET COLLATION_CONNECTION=@OLD_COLLATION_CONNECTION */;
/*!40111 SET SQL_NOTES=@OLD_SQL_NOTES */;

-- Dump completed on 2023-09-28 18:43:58
