-- MariaDB dump 10.17  Distrib 10.4.13-MariaDB, for Linux (x86_64)
--
-- Host: cedar-mysql-vm    Database: functor_timeslice_3
-- ------------------------------------------------------
-- Server version	10.11.5-MariaDB-log

/*!40101 SET @OLD_CHARACTER_SET_CLIENT=@@CHARACTER_SET_CLIENT */;
/*!40101 SET @OLD_CHARACTER_SET_RESULTS=@@CHARACTER_SET_RESULTS */;
/*!40101 SET @OLD_COLLATION_CONNECTION=@@COLLATION_CONNECTION */;
/*!40101 SET NAMES utf8mb4 */;
/*!40103 SET @OLD_TIME_ZONE=@@TIME_ZONE */;
/*!40103 SET TIME_ZONE='+00:00' */;
/*!40014 SET @OLD_UNIQUE_CHECKS=@@UNIQUE_CHECKS, UNIQUE_CHECKS=0 */;
/*!40014 SET @OLD_FOREIGN_KEY_CHECKS=@@FOREIGN_KEY_CHECKS, FOREIGN_KEY_CHECKS=0 */;
/*!40101 SET @OLD_SQL_MODE=@@SQL_MODE, SQL_MODE='NO_AUTO_VALUE_ON_ZERO' */;
/*!40111 SET @OLD_SQL_NOTES=@@SQL_NOTES, SQL_NOTES=0 */;


CREATE DATABASE  IF NOT EXISTS `functor_timeslice_3` /*!40100 DEFAULT CHARACTER SET latin1 */;
USE `functor_timeslice_3`;

--
-- Table structure for table `cars`
--

DROP TABLE IF EXISTS `cars`;
/*!40101 SET @saved_cs_client     = @@character_set_client */;
/*!40101 SET character_set_client = utf8 */;
CREATE TABLE `cars` (
  `car_id` int(11) NOT NULL,
  PRIMARY KEY (`car_id`)
) ENGINE=InnoDB DEFAULT CHARSET=utf8mb4 COLLATE=utf8mb4_general_ci;
/*!40101 SET character_set_client = @saved_cs_client */;

--
-- Dumping data for table `cars`
--

LOCK TABLES `cars` WRITE;
/*!40000 ALTER TABLE `cars` DISABLE KEYS */;
INSERT INTO `cars` VALUES (0),(1),(2),(3),(4),(5),(6),(7),(8),(9),(10),(11),(12),(13),(14),(15),(16),(17),(18),(19),(20),(21),(22),(23),(24);
/*!40000 ALTER TABLE `cars` ENABLE KEYS */;
UNLOCK TABLES;

--
-- Table structure for table `ego_cars`
--

DROP TABLE IF EXISTS `ego_cars`;
/*!40101 SET @saved_cs_client     = @@character_set_client */;
/*!40101 SET character_set_client = utf8 */;
CREATE TABLE `ego_cars` (
  `ego_id` int(11) NOT NULL,
  PRIMARY KEY (`ego_id`)
) ENGINE=InnoDB DEFAULT CHARSET=utf8mb4 COLLATE=utf8mb4_general_ci;
/*!40101 SET character_set_client = @saved_cs_client */;

--
-- Dumping data for table `ego_cars`
--

LOCK TABLES `ego_cars` WRITE;
/*!40000 ALTER TABLE `ego_cars` DISABLE KEYS */;
INSERT INTO `ego_cars` VALUES (0),(1),(2);
/*!40000 ALTER TABLE `ego_cars` ENABLE KEYS */;
UNLOCK TABLES;

--
-- Table structure for table `ego_frame`
--

DROP TABLE IF EXISTS `ego_frame`;
/*!40101 SET @saved_cs_client     = @@character_set_client */;
/*!40101 SET character_set_client = utf8 */;
CREATE TABLE `ego_frame` (
  `f_id` varchar(100) NOT NULL,
  `ego_id` int(11) NOT NULL,
  `Speed` varchar(11) NOT NULL,
  PRIMARY KEY (`f_id`,`ego_id`),
  KEY `ego_id` (`ego_id`),
  CONSTRAINT `ego_frame_ibfk_1` FOREIGN KEY (`f_id`) REFERENCES `frames` (`f_id`),
  CONSTRAINT `ego_frame_ibfk_2` FOREIGN KEY (`ego_id`) REFERENCES `ego_cars` (`ego_id`)
) ENGINE=InnoDB DEFAULT CHARSET=utf8mb4 COLLATE=utf8mb4_general_ci;
/*!40101 SET character_set_client = @saved_cs_client */;

--
-- Dumping data for table `ego_frame`
--

LOCK TABLES `ego_frame` WRITE;
/*!40000 ALTER TABLE `ego_frame` DISABLE KEYS */;
INSERT INTO `ego_frame` VALUES ('17794829|0',0,'3'),('17794831|0',0,'3'),('17794832|0',0,'3'),('17794833|0',0,'3'),('17794834|0',0,'3'),('17794835|0',0,'3'),('17794836|0',0,'3'),('17794837|0',0,'3'),('17794838|0',0,'3'),('17794839|0',0,'3'),('17794840|0',0,'3'),('17794841|0',0,'3'),('17794842|0',0,'3'),('17794843|0',0,'3'),('17794844|0',0,'3'),('17794845|0',0,'3'),('17794846|0',0,'3'),('17794847|0',0,'3'),('17794848|0',0,'3'),('17794849|0',0,'4'),('17794850|0',0,'4'),('17794851|0',0,'4'),('17794852|0',0,'4'),('17794853|0',0,'4'),('17794854|0',0,'4'),('17794855|0',0,'4'),('17794856|0',0,'4'),('17794857|0',0,'4'),('17794858|0',0,'4'),('17794859|0',0,'4'),('17794860|0',0,'4'),('17794861|0',0,'4'),('17794862|0',0,'5'),('17794863|0',0,'5'),('17794864|0',0,'4'),('17794865|0',0,'4'),('17794866|0',0,'4'),('17794867|0',0,'4'),('17794868|0',0,'4'),('17794869|0',0,'4'),('17794870|0',0,'4'),('17794871|0',0,'4'),('17794872|0',0,'4'),('17794873|0',0,'4'),('17794874|0',0,'4'),('17794875|0',0,'4'),('17794876|0',0,'4'),('17838841|2',2,'3'),('17838843|2',2,'3'),('17838844|2',2,'3'),('17838845|2',2,'3'),('17838846|2',2,'3'),('17838847|2',2,'3'),('17838848|2',2,'3'),('17838849|2',2,'3'),('17838850|2',2,'3'),('17838851|2',2,'3'),('17838852|2',2,'3'),('17838853|2',2,'3'),('17838854|2',2,'3'),('17838855|2',2,'3'),('17838856|2',2,'3'),('17838857|2',2,'4'),('17838858|2',2,'4'),('17838859|2',2,'4'),('17838860|2',2,'4'),('17838861|2',2,'4'),('17838862|2',2,'4'),('17838863|2',2,'4'),('17838864|2',2,'4'),('17838865|2',2,'4'),('17838866|2',2,'4'),('17838867|2',2,'4'),('17838868|2',2,'4'),('17838869|2',2,'4'),('17838870|2',2,'4'),('17838871|2',2,'4'),('17838872|2',2,'4'),('17838873|2',2,'4'),('17838874|2',2,'4'),('17838875|2',2,'4'),('17838876|2',2,'4'),('17838877|2',2,'4'),('17838878|2',2,'4'),('17838879|2',2,'4'),('17838880|2',2,'4'),('17838881|2',2,'4'),('17838882|2',2,'4'),('17838883|2',2,'4'),('17838884|2',2,'4'),('17838885|2',2,'4'),('17838886|2',2,'4'),('17838887|2',2,'4'),('17838888|2',2,'4'),('17838889|2',2,'4'),('17838890|2',2,'4'),('17838891|2',2,'4'),('17838892|2',2,'4'),('17838893|2',2,'4'),('17838894|2',2,'4'),('17838895|2',2,'4'),('17838896|2',2,'4'),('17838897|2',2,'4'),('17838898|2',2,'4'),('17838899|2',2,'4'),('17838900|2',2,'4'),('17838901|2',2,'4'),('17838902|2',2,'4'),('17838903|2',2,'4'),('17838904|2',2,'4'),('17838905|2',2,'4'),('17838906|2',2,'4'),('17838907|2',2,'4'),('17838908|2',2,'4'),('17838909|2',2,'4'),('17838910|2',2,'4'),('17838911|2',2,'4'),('17838912|2',2,'4'),('17838913|2',2,'4'),('17838914|2',2,'4'),('17838915|2',2,'4'),('17838916|2',2,'4'),('17838917|2',2,'4'),('17838918|2',2,'4'),('17838919|2',2,'4'),('17838920|2',2,'4'),('17838921|2',2,'4'),('17838922|2',2,'4'),('17838923|2',2,'4'),('17838924|2',2,'4'),('17838925|2',2,'4'),('17838926|2',2,'4'),('17838927|2',2,'4'),('17838928|2',2,'4'),('17838929|2',2,'4'),('17838930|2',2,'4'),('17838931|2',2,'4'),('17838932|2',2,'4'),('17838933|2',2,'4'),('17838934|2',2,'4'),('17838935|2',2,'4'),('17838936|2',2,'4'),('17838937|2',2,'4'),('17838938|2',2,'4'),('17838939|2',2,'4'),('17838940|2',2,'4'),('17838941|2',2,'4'),('17838942|2',2,'4'),('17838943|2',2,'4'),('17840802|1',1,'1'),('17840804|1',1,'1'),('17840805|1',1,'1'),('17840806|1',1,'1'),('17840807|1',1,'1'),('17840808|1',1,'1'),('17840809|1',1,'1'),('17840810|1',1,'1'),('17840811|1',1,'1'),('17840812|1',1,'1'),('17840813|1',1,'1'),('17840814|1',1,'1'),('17840815|1',1,'1'),('17840816|1',1,'1'),('17840817|1',1,'1'),('17840818|1',1,'1'),('17840819|1',1,'1'),('17840820|1',1,'2'),('17840821|1',1,'2'),('17840822|1',1,'2'),('17840823|1',1,'2'),('17840824|1',1,'2'),('17840825|1',1,'2'),('17840826|1',1,'2'),('17840827|1',1,'2'),('17840828|1',1,'2'),('17840829|1',1,'2'),('17840830|1',1,'2'),('17840831|1',1,'2'),('17840832|1',1,'2'),('17840833|1',1,'2'),('17840834|1',1,'2'),('17840835|1',1,'2'),('17840836|1',1,'2'),('17840837|1',1,'2'),('17840838|1',1,'2'),('17840839|1',1,'2'),('17840840|1',1,'2'),('17840841|1',1,'2'),('17840842|1',1,'2'),('17840843|1',1,'2'),('17840844|1',1,'2'),('17840845|1',1,'3'),('17840846|1',1,'3'),('17840847|1',1,'3'),('17840848|1',1,'3'),('17840849|1',1,'3'),('17840850|1',1,'3'),('17840851|1',1,'3'),('17840852|1',1,'3'),('17840853|1',1,'3'),('17840854|1',1,'3'),('17840855|1',1,'3'),('17840856|1',1,'3'),('17840857|1',1,'3'),('17840858|1',1,'4'),('17840859|1',1,'4'),('17840860|1',1,'4'),('17840861|1',1,'4'),('17840862|1',1,'4'),('17840863|1',1,'4'),('17840864|1',1,'4'),('17840865|1',1,'4'),('17840866|1',1,'4'),('17840867|1',1,'4'),('17840868|1',1,'4'),('17840869|1',1,'4'),('17840870|1',1,'4'),('17840871|1',1,'4'),('17840872|1',1,'4'),('17840873|1',1,'4'),('17840874|1',1,'4'),('17840875|1',1,'4'),('17840876|1',1,'4'),('17840877|1',1,'4'),('17840878|1',1,'4'),('17840879|1',1,'4'),('17840880|1',1,'4'),('17840881|1',1,'4'),('17840882|1',1,'4'),('17840883|1',1,'4'),('17840884|1',1,'4'),('17840885|1',1,'4'),('17840886|1',1,'4'),('17840887|1',1,'4'),('17840888|1',1,'4'),('17840889|1',1,'4'),('17840890|1',1,'4'),('17840891|1',1,'4'),('17840892|1',1,'4'),('17840893|1',1,'4'),('17840894|1',1,'4'),('17840895|1',1,'4'),('17840896|1',1,'4'),('17840897|1',1,'4'),('17840898|1',1,'4'),('17840899|1',1,'4'),('17840900|1',1,'4'),('17840901|1',1,'4'),('17840902|1',1,'4'),('17840903|1',1,'4'),('17840904|1',1,'4');
/*!40000 ALTER TABLE `ego_frame` ENABLE KEYS */;
UNLOCK TABLES;

--
-- Table structure for table `frames`
--

DROP TABLE IF EXISTS `frames`;
/*!40101 SET @saved_cs_client     = @@character_set_client */;
/*!40101 SET character_set_client = utf8 */;
CREATE TABLE `frames` (
  `f_id` varchar(100) NOT NULL,
  PRIMARY KEY (`f_id`)
) ENGINE=InnoDB DEFAULT CHARSET=utf8mb4 COLLATE=utf8mb4_general_ci;
/*!40101 SET character_set_client = @saved_cs_client */;

--
-- Dumping data for table `frames`
--

LOCK TABLES `frames` WRITE;
/*!40000 ALTER TABLE `frames` DISABLE KEYS */;
INSERT INTO `frames` VALUES ('17794829|0'),('17794831|0'),('17794832|0'),('17794833|0'),('17794834|0'),('17794835|0'),('17794836|0'),('17794837|0'),('17794838|0'),('17794839|0'),('17794840|0'),('17794841|0'),('17794842|0'),('17794843|0'),('17794844|0'),('17794845|0'),('17794846|0'),('17794847|0'),('17794848|0'),('17794849|0'),('17794850|0'),('17794851|0'),('17794852|0'),('17794853|0'),('17794854|0'),('17794855|0'),('17794856|0'),('17794857|0'),('17794858|0'),('17794859|0'),('17794860|0'),('17794861|0'),('17794862|0'),('17794863|0'),('17794864|0'),('17794865|0'),('17794866|0'),('17794867|0'),('17794868|0'),('17794869|0'),('17794870|0'),('17794871|0'),('17794872|0'),('17794873|0'),('17794874|0'),('17794875|0'),('17794876|0'),('17838841|2'),('17838843|2'),('17838844|2'),('17838845|2'),('17838846|2'),('17838847|2'),('17838848|2'),('17838849|2'),('17838850|2'),('17838851|2'),('17838852|2'),('17838853|2'),('17838854|2'),('17838855|2'),('17838856|2'),('17838857|2'),('17838858|2'),('17838859|2'),('17838860|2'),('17838861|2'),('17838862|2'),('17838863|2'),('17838864|2'),('17838865|2'),('17838866|2'),('17838867|2'),('17838868|2'),('17838869|2'),('17838870|2'),('17838871|2'),('17838872|2'),('17838873|2'),('17838874|2'),('17838875|2'),('17838876|2'),('17838877|2'),('17838878|2'),('17838879|2'),('17838880|2'),('17838881|2'),('17838882|2'),('17838883|2'),('17838884|2'),('17838885|2'),('17838886|2'),('17838887|2'),('17838888|2'),('17838889|2'),('17838890|2'),('17838891|2'),('17838892|2'),('17838893|2'),('17838894|2'),('17838895|2'),('17838896|2'),('17838897|2'),('17838898|2'),('17838899|2'),('17838900|2'),('17838901|2'),('17838902|2'),('17838903|2'),('17838904|2'),('17838905|2'),('17838906|2'),('17838907|2'),('17838908|2'),('17838909|2'),('17838910|2'),('17838911|2'),('17838912|2'),('17838913|2'),('17838914|2'),('17838915|2'),('17838916|2'),('17838917|2'),('17838918|2'),('17838919|2'),('17838920|2'),('17838921|2'),('17838922|2'),('17838923|2'),('17838924|2'),('17838925|2'),('17838926|2'),('17838927|2'),('17838928|2'),('17838929|2'),('17838930|2'),('17838931|2'),('17838932|2'),('17838933|2'),('17838934|2'),('17838935|2'),('17838936|2'),('17838937|2'),('17838938|2'),('17838939|2'),('17838940|2'),('17838941|2'),('17838942|2'),('17838943|2'),('17840802|1'),('17840804|1'),('17840805|1'),('17840806|1'),('17840807|1'),('17840808|1'),('17840809|1'),('17840810|1'),('17840811|1'),('17840812|1'),('17840813|1'),('17840814|1'),('17840815|1'),('17840816|1'),('17840817|1'),('17840818|1'),('17840819|1'),('17840820|1'),('17840821|1'),('17840822|1'),('17840823|1'),('17840824|1'),('17840825|1'),('17840826|1'),('17840827|1'),('17840828|1'),('17840829|1'),('17840830|1'),('17840831|1'),('17840832|1'),('17840833|1'),('17840834|1'),('17840835|1'),('17840836|1'),('17840837|1'),('17840838|1'),('17840839|1'),('17840840|1'),('17840841|1'),('17840842|1'),('17840843|1'),('17840844|1'),('17840845|1'),('17840846|1'),('17840847|1'),('17840848|1'),('17840849|1'),('17840850|1'),('17840851|1'),('17840852|1'),('17840853|1'),('17840854|1'),('17840855|1'),('17840856|1'),('17840857|1'),('17840858|1'),('17840859|1'),('17840860|1'),('17840861|1'),('17840862|1'),('17840863|1'),('17840864|1'),('17840865|1'),('17840866|1'),('17840867|1'),('17840868|1'),('17840869|1'),('17840870|1'),('17840871|1'),('17840872|1'),('17840873|1'),('17840874|1'),('17840875|1'),('17840876|1'),('17840877|1'),('17840878|1'),('17840879|1'),('17840880|1'),('17840881|1'),('17840882|1'),('17840883|1'),('17840884|1'),('17840885|1'),('17840886|1'),('17840887|1'),('17840888|1'),('17840889|1'),('17840890|1'),('17840891|1'),('17840892|1'),('17840893|1'),('17840894|1'),('17840895|1'),('17840896|1'),('17840897|1'),('17840898|1'),('17840899|1'),('17840900|1'),('17840901|1'),('17840902|1'),('17840903|1'),('17840904|1');
/*!40000 ALTER TABLE `frames` ENABLE KEYS */;
UNLOCK TABLES;

--
-- Table structure for table `relation`
--

DROP TABLE IF EXISTS `relation`;
/*!40101 SET @saved_cs_client     = @@character_set_client */;
/*!40101 SET character_set_client = utf8 */;
CREATE TABLE `relation` (
  `f_id` varchar(100) NOT NULL,
  `car_id` int(11) NOT NULL,
  `distance` varchar(11) DEFAULT NULL,
  `speed_diff` varchar(11) DEFAULT NULL,
  `near_level` varchar(11) DEFAULT NULL,
  `Lane` varchar(100) NOT NULL,
  `Speed` varchar(11) NOT NULL,
  PRIMARY KEY (`f_id`,`car_id`),
  KEY `car_id` (`car_id`),
  CONSTRAINT `relation_ibfk_1` FOREIGN KEY (`f_id`) REFERENCES `frames` (`f_id`),
  CONSTRAINT `relation_ibfk_2` FOREIGN KEY (`car_id`) REFERENCES `cars` (`car_id`)
) ENGINE=InnoDB DEFAULT CHARSET=utf8mb4 COLLATE=utf8mb4_general_ci;
/*!40101 SET character_set_client = @saved_cs_client */;

--
-- Dumping data for table `relation`
--

LOCK TABLES `relation` WRITE;
/*!40000 ALTER TABLE `relation` DISABLE KEYS */;
INSERT INTO `relation` VALUES ('17794829|0',2,'1','4','4','lane_middle','4'),('17794829|0',4,'1','3','5','lane_middle','3'),('17794831|0',2,'1','4','4','lane_right','4'),('17794831|0',4,'1','3','5','lane_middle','3'),('17794832|0',2,'1','4','4','lane_middle','4'),('17794832|0',4,'1','3','4','lane_middle','3'),('17794833|0',2,'1','4','4','lane_middle','4'),('17794833|0',4,'1','3','5','lane_middle','3'),('17794834|0',2,'1','4','4','lane_right','4'),('17794834|0',4,'1','4','4','lane_middle','3'),('17794835|0',2,'1','4','4','lane_middle','4'),('17794835|0',4,'1','3','4','lane_middle','3'),('17794836|0',2,'1','4','4','lane_middle','4'),('17794836|0',4,'1','3','4','lane_middle','3'),('17794837|0',2,'1','4','3','lane_right','4'),('17794837|0',4,'1','3','4','lane_middle','3'),('17794838|0',2,'1','5','4','lane_middle','4'),('17794838|0',4,'1','4','5','lane_middle','3'),('17794839|0',2,'1','4','4','lane_middle','4'),('17794839|0',4,'1','4','5','lane_middle','3'),('17794840|0',2,'1','5','4','lane_middle','4'),('17794840|0',4,'1','4','4','lane_middle','3'),('17794841|0',2,'1','5','4','lane_middle','4'),('17794841|0',4,'1','4','4','lane_middle','3'),('17794842|0',2,'1','5','4','lane_middle','4'),('17794842|0',4,'1','4','5','lane_middle','3'),('17794843|0',2,'1','5','4','lane_middle','4'),('17794843|0',4,'1','4','4','lane_middle','3'),('17794844|0',2,'1','5','4','lane_right','4'),('17794844|0',4,'1','4','4','lane_middle','3'),('17794845|0',2,'1','5','4','lane_right','4'),('17794845|0',4,'1','4','5','lane_middle','3'),('17794846|0',2,'1','5','4','lane_middle','4'),('17794846|0',4,'1','4','5','lane_middle','3'),('17794847|0',2,'1','5','4','lane_middle','4'),('17794847|0',4,'1','4','5','lane_middle','3'),('17794848|0',2,'1','5','4','lane_middle','4'),('17794848|0',4,'1','4','5','lane_middle','3'),('17794849|0',2,'1','4','4','lane_middle','4'),('17794849|0',4,'1','3','4','lane_middle','3'),('17794850|0',2,'1','4','3','lane_right','4'),('17794850|0',4,'1','3','5','lane_middle','3'),('17794851|0',2,'1','4','4','lane_right','4'),('17794851|0',4,'1','3','4','lane_middle','3'),('17794852|0',2,'1','4','3','lane_right','4'),('17794852|0',4,'1','3','4','lane_middle','3'),('17794853|0',2,'1','4','4','lane_middle','4'),('17794853|0',4,'1','3','5','lane_middle','3'),('17794854|0',2,'1','4','4','lane_middle','4'),('17794854|0',4,'1','3','5','lane_middle','3'),('17794855|0',2,'1','4','4','lane_middle','4'),('17794855|0',4,'1','3','5','lane_middle','3'),('17794856|0',2,'1','4','4','lane_middle','4'),('17794856|0',4,'1','3','5','lane_middle','3'),('17794857|0',2,'1','4','3','lane_right','4'),('17794857|0',4,'1','3','5','lane_middle','3'),('17794858|0',2,'1','4','4','lane_middle','4'),('17794858|0',4,'1','3','5','lane_middle','3'),('17794859|0',2,'1','4','4','lane_middle','4'),('17794859|0',4,'1','3','5','lane_middle','3'),('17794860|0',2,'1','4','4','lane_middle','4'),('17794860|0',4,'1','3','4','lane_middle','3'),('17794861|0',2,'1','4','4','lane_middle','4'),('17794861|0',4,'1','3','5','lane_middle','3'),('17794862|0',2,'1','4','4','lane_middle','4'),('17794862|0',4,'1','2','4','lane_middle','3'),('17794863|0',2,'1','4','4','lane_middle','4'),('17794863|0',4,'1','3','4','lane_middle','4'),('17794864|0',2,'1','4','4','lane_middle','5'),('17794864|0',4,'1','3','4','lane_middle','4'),('17794865|0',2,'1','4','4','lane_middle','5'),('17794865|0',4,'1','3','4','lane_middle','4'),('17794866|0',2,'1','4','4','lane_middle','5'),('17794866|0',4,'1','3','5','lane_middle','4'),('17794867|0',2,'1','4','4','lane_middle','5'),('17794867|0',4,'1','3','4','lane_middle','4'),('17794868|0',2,'1','4','4','lane_middle','5'),('17794868|0',4,'1','3','5','lane_middle','4'),('17794869|0',2,'1','4','4','lane_middle','5'),('17794869|0',4,'1','3','4','lane_middle','4'),('17794870|0',2,'1','4','4','lane_middle','5'),('17794870|0',4,'1','3','4','lane_middle','4'),('17794871|0',2,'1','4','3','lane_middle','5'),('17794871|0',4,'1','3','4','lane_middle','4'),('17794872|0',2,'1','5','3','lane_middle','5'),('17794872|0',4,'1','3','4','lane_middle','4'),('17794873|0',2,'1','5','3','lane_middle','5'),('17794873|0',4,'1','3','4','lane_middle','4'),('17794874|0',2,'1','5','4','lane_middle','5'),('17794874|0',4,'1','3','4','lane_middle','4'),('17794875|0',2,'1','5','4','lane_middle','5'),('17794875|0',4,'1','3','4','lane_middle','4'),('17794876|0',2,'1','5','4','lane_middle','5'),('17794876|0',4,'1','3','4','lane_middle','4'),('17838841|2',18,'3','2','2','lane_middle','2'),('17838841|2',19,'3','2','2','lane_middle','1'),('17838841|2',20,'3','2','1','lane_right','1'),('17838841|2',21,'4','5','1','lane_middle','4'),('17838841|2',22,'4','5','1','lane_middle','4'),('17838841|2',23,'5','5','1','lane_middle','4'),('17838841|2',24,'5','5','1','lane_right','4'),('17838843|2',18,'3','2','2','lane_middle','2'),('17838843|2',19,'3','2','2','lane_middle','1'),('17838843|2',20,'3','2','1','lane_right','1'),('17838843|2',21,'4','5','1','lane_middle','4'),('17838843|2',22,'4','5','1','lane_middle','4'),('17838843|2',23,'5','5','1','lane_middle','4'),('17838843|2',24,'5','5','1','lane_right','4'),('17838844|2',18,'3','2','2','lane_middle','2'),('17838844|2',19,'3','2','2','lane_middle','1'),('17838844|2',20,'3','2','1','lane_right','1'),('17838844|2',21,'4','5','1','lane_middle','4'),('17838844|2',22,'4','5','1','lane_middle','4'),('17838844|2',23,'5','5','1','lane_middle','4'),('17838844|2',24,'5','5','1','lane_right','4'),('17838845|2',18,'3','3','2','lane_middle','2'),('17838845|2',19,'3','2','2','lane_middle','1'),('17838845|2',20,'3','2','1','lane_right','1'),('17838845|2',21,'5','5','1','lane_middle','4'),('17838845|2',22,'4','5','1','lane_middle','4'),('17838845|2',23,'5','5','1','lane_middle','4'),('17838845|2',24,'5','5','1','lane_right','4'),('17838846|2',18,'3','2','2','lane_middle','2'),('17838846|2',19,'3','2','1','lane_middle','1'),('17838846|2',20,'4','2','1','lane_right','1'),('17838846|2',21,'4','5','1','lane_middle','4'),('17838846|2',22,'4','5','1','lane_middle','4'),('17838846|2',23,'5','5','1','lane_middle','4'),('17838846|2',24,'5','5','1','lane_right','4'),('17838847|2',18,'3','2','2','lane_middle','2'),('17838847|2',19,'3','2','1','lane_middle','1'),('17838847|2',20,'4','2','1','lane_right','1'),('17838847|2',21,'5','5','1','lane_middle','4'),('17838847|2',22,'4','5','1','lane_middle','4'),('17838847|2',23,'5','5','1','lane_middle','4'),('17838847|2',24,'5','5','1','lane_right','4'),('17838848|2',18,'3','2','2','lane_middle','2'),('17838848|2',19,'3','2','1','lane_middle','1'),('17838848|2',20,'4','2','1','lane_right','1'),('17838848|2',21,'5','5','1','lane_middle','4'),('17838848|2',22,'4','5','1','lane_middle','4'),('17838848|2',23,'5','5','1','lane_middle','4'),('17838848|2',24,'5','5','1','lane_right','4'),('17838849|2',18,'3','2','2','lane_middle','2'),('17838849|2',19,'4','1','1','lane_middle','1'),('17838849|2',20,'4','1','1','lane_right','1'),('17838849|2',21,'5','5','1','lane_middle','4'),('17838849|2',22,'4','5','1','lane_middle','4'),('17838849|2',23,'5','5','1','lane_middle','4'),('17838849|2',24,'5','5','1','lane_right','4'),('17838850|2',18,'3','2','2','lane_middle','2'),('17838850|2',19,'4','1','1','lane_middle','1'),('17838850|2',20,'4','1','1','lane_right','1'),('17838850|2',21,'5','5','1','lane_middle','4'),('17838850|2',22,'4','5','1','lane_middle','4'),('17838850|2',23,'5','5','1','lane_middle','4'),('17838850|2',24,'5','5','1','lane_right','4'),('17838851|2',18,'3','2','2','lane_middle','2'),('17838851|2',19,'4','1','1','lane_middle','1'),('17838851|2',20,'4','1','1','lane_right','1'),('17838851|2',21,'5','4','1','lane_middle','4'),('17838851|2',22,'5','5','1','lane_middle','4'),('17838851|2',23,'5','5','1','lane_middle','4'),('17838851|2',24,'5','5','1','lane_middle','4'),('17838852|2',18,'3','2','2','lane_middle','2'),('17838852|2',19,'4','1','1','lane_middle','1'),('17838852|2',20,'4','1','1','lane_right','1'),('17838852|2',21,'5','5','1','lane_middle','4'),('17838852|2',22,'4','5','1','lane_middle','4'),('17838852|2',23,'5','5','1','lane_middle','4'),('17838852|2',24,'5','5','1','lane_middle','4'),('17838853|2',18,'3','2','2','lane_middle','2'),('17838853|2',19,'4','1','1','lane_middle','1'),('17838853|2',20,'4','1','1','lane_right','1'),('17838853|2',21,'5','4','1','lane_middle','4'),('17838853|2',22,'5','5','1','lane_middle','4'),('17838853|2',23,'5','5','1','lane_middle','5'),('17838853|2',24,'5','5','1','lane_middle','4'),('17838854|2',18,'3','2','2','lane_middle','2'),('17838854|2',19,'4','1','1','lane_middle','1'),('17838854|2',20,'4','1','1','lane_right','1'),('17838854|2',21,'5','4','1','lane_middle','4'),('17838854|2',22,'5','5','1','lane_middle','4'),('17838854|2',24,'5','5','1','lane_middle','4'),('17838855|2',18,'3','2','2','lane_middle','2'),('17838855|2',19,'4','1','1','lane_middle','1'),('17838855|2',20,'4','1','1','lane_right','1'),('17838855|2',21,'5','4','1','lane_middle','4'),('17838855|2',22,'5','4','1','lane_middle','4'),('17838855|2',24,'5','4','1','lane_middle','4'),('17838856|2',18,'3','2','2','lane_middle','2'),('17838856|2',19,'4','1','1','lane_middle','1'),('17838856|2',20,'4','1','1','lane_right','1'),('17838856|2',21,'5','4','1','lane_middle','4'),('17838856|2',22,'5','4','1','lane_middle','4'),('17838856|2',24,'5','4','1','lane_middle','4'),('17838857|2',18,'3','2','1','lane_middle','2'),('17838857|2',19,'4','1','1','lane_middle','1'),('17838857|2',20,'5','1','1','lane_right','1'),('17838857|2',21,'5','4','1','lane_middle','4'),('17838857|2',22,'5','4','1','lane_middle','4'),('17838857|2',24,'5','4','1','lane_middle','4'),('17838858|2',18,'3','2','1','lane_middle','2'),('17838858|2',19,'4','1','1','lane_middle','1'),('17838858|2',20,'5','1','1','lane_right','1'),('17838858|2',21,'5','4','1','lane_left','4'),('17838858|2',22,'5','4','1','lane_middle','4'),('17838858|2',24,'5','4','1','lane_middle','4'),('17838859|2',21,'5','4','1','lane_left','4'),('17838859|2',22,'5','4','1','lane_middle','4'),('17838859|2',24,'5','4','1','lane_middle','4'),('17838860|2',21,'5','4','1','lane_left','4'),('17838860|2',22,'5','4','1','lane_middle','4'),('17838860|2',24,'5','4','1','lane_middle','4'),('17838861|2',21,'5','4','1','lane_left','4'),('17838861|2',22,'5','4','1','lane_middle','4'),('17838861|2',24,'5','4','1','lane_middle','4'),('17838862|2',21,'5','4','1','lane_left','4'),('17838862|2',22,'5','4','1','lane_middle','4'),('17838862|2',24,'5','4','1','lane_middle','4'),('17838863|2',21,'5','4','1','lane_left','4'),('17838863|2',22,'5','4','1','lane_middle','4'),('17838863|2',24,'5','4','1','lane_middle','4'),('17838864|2',21,'5','4','1','lane_left','4'),('17838864|2',22,'5','4','1','lane_middle','4'),('17838864|2',24,'5','4','1','lane_middle','4'),('17838865|2',21,'5','4','1','lane_left','4'),('17838865|2',22,'5','4','1','lane_middle','4'),('17838865|2',24,'5','4','1','lane_middle','4'),('17838866|2',21,'5','4','1','lane_left','4'),('17838866|2',22,'5','4','1','lane_middle','4'),('17838866|2',24,'5','4','1','lane_middle','4'),('17838867|2',21,'5','4','1','lane_left','4'),('17838867|2',22,'5','4','1','lane_middle','4'),('17838867|2',24,'5','4','1','lane_middle','4'),('17838868|2',21,'5','4','1','lane_left','4'),('17838868|2',22,'5','4','1','lane_middle','4'),('17838868|2',24,'5','4','1','lane_middle','4'),('17838869|2',21,'5','4','1','lane_left','4'),('17838869|2',22,'5','4','1','lane_middle','4'),('17838869|2',24,'5','4','1','lane_middle','4'),('17838870|2',21,'5','4','1','lane_left','4'),('17838870|2',22,'5','4','1','lane_middle','4'),('17838870|2',24,'5','4','1','lane_middle','4'),('17838871|2',21,'5','4','1','lane_left','4'),('17838871|2',22,'5','4','1','lane_middle','4'),('17838871|2',24,'5','4','1','lane_middle','4'),('17838872|2',21,'5','4','1','lane_left','4'),('17838872|2',22,'5','4','1','lane_middle','4'),('17838872|2',24,'5','4','1','lane_middle','4'),('17838873|2',21,'5','4','1','lane_left','4'),('17838873|2',22,'5','4','1','lane_middle','5'),('17838873|2',24,'5','4','1','lane_middle','5'),('17838874|2',21,'5','4','1','lane_left','4'),('17838874|2',22,'5','4','1','lane_middle','5'),('17838874|2',24,'5','4','1','lane_middle','5'),('17838875|2',21,'5','4','1','lane_left','4'),('17838875|2',22,'5','4','1','lane_middle','5'),('17838875|2',24,'5','4','1','lane_middle','5'),('17838876|2',21,'5','4','1','lane_left','4'),('17838876|2',22,'5','4','1','lane_middle','5'),('17838876|2',24,'5','4','1','lane_middle','5'),('17838877|2',21,'5','4','1','lane_left','5'),('17838877|2',22,'5','4','1','lane_middle','5'),('17838877|2',24,'5','4','1','lane_middle','5'),('17838878|2',21,'5','4','1','lane_left','5'),('17838878|2',22,'5','4','1','lane_middle','5'),('17838878|2',24,'5','4','1','lane_middle','5'),('17838879|2',21,'5','4','1','lane_left','5'),('17838879|2',22,'5','4','1','lane_middle','5'),('17838879|2',24,'5','4','1','lane_middle','5'),('17838880|2',21,'5','4','1','lane_left','5'),('17838880|2',22,'5','4','1','lane_middle','5'),('17838880|2',24,'5','4','1','lane_middle','5'),('17838881|2',21,'5','4','1','lane_left','5'),('17838881|2',22,'5','4','1','lane_middle','5'),('17838881|2',24,'5','4','1','lane_middle','5'),('17838882|2',21,'5','4','1','lane_left','5'),('17838882|2',22,'5','4','1','lane_middle','5'),('17838882|2',24,'5','4','1','lane_middle','5'),('17838883|2',21,'5','4','1','lane_left','5'),('17838883|2',22,'5','4','1','lane_middle','5'),('17838883|2',24,'5','4','1','lane_middle','5'),('17838884|2',21,'5','4','1','lane_left','5'),('17838884|2',22,'5','4','1','lane_middle','5'),('17838884|2',24,'5','4','1','lane_middle','5'),('17838885|2',21,'5','4','1','lane_left','5'),('17838885|2',22,'5','4','1','lane_middle','5'),('17838885|2',24,'5','4','1','lane_middle','5'),('17838886|2',21,'5','4','1','lane_left','5'),('17838886|2',22,'5','5','1','lane_middle','5'),('17838886|2',24,'5','5','1','lane_middle','5'),('17838887|2',21,'5','4','1','lane_left','5'),('17838887|2',22,'5','5','1','lane_middle','5'),('17838887|2',24,'5','5','1','lane_middle','5'),('17838888|2',21,'5','4','1','lane_left','5'),('17838889|2',21,'5','4','1','lane_left','5'),('17838889|2',22,'5','5','1','lane_middle','5'),('17838889|2',24,'5','5','1','lane_middle','5'),('17838890|2',21,'5','4','1','lane_left','5'),('17838891|2',21,'5','4','1','lane_left','5'),('17838892|2',21,'5','4','1','lane_left','5'),('17838893|2',21,'5','4','1','lane_left','5'),('17838894|2',21,'5','4','1','lane_left','5'),('17838895|2',21,'5','4','1','lane_left','5'),('17838896|2',21,'5','4','1','lane_left','5'),('17838897|2',21,'5','4','1','lane_left','5'),('17838898|2',21,'5','4','1','lane_left','5'),('17838899|2',21,'5','4','1','lane_left','5'),('17838908|2',18,'5','3','1','lane_middle','3'),('17840802|1',10,'3','5','2','lane_right','4'),('17840804|1',10,'2','5','2','lane_right','4'),('17840805|1',10,'2','5','2','lane_right','4'),('17840806|1',10,'2','5','2','lane_right','4'),('17840807|1',10,'2','5','2','lane_right','4'),('17840808|1',10,'2','5','2','lane_right','4'),('17840809|1',10,'2','5','2','lane_right','4'),('17840810|1',10,'2','5','2','lane_right','4'),('17840811|1',10,'2','5','2','lane_right','4'),('17840812|1',10,'2','5','2','lane_right','4'),('17840813|1',10,'2','5','2','lane_right','4'),('17840814|1',10,'2','5','2','lane_right','4'),('17840815|1',10,'2','5','2','lane_right','4'),('17840816|1',10,'2','5','2','lane_right','4'),('17840817|1',10,'2','5','2','lane_right','4'),('17840818|1',10,'2','5','2','lane_right','4'),('17840818|1',12,'5','5','1','lane_middle','4'),('17840819|1',10,'2','5','2','lane_right','4'),('17840819|1',12,'5','5','1','lane_middle','4'),('17840820|1',10,'2','5','2','lane_right','4'),('17840820|1',12,'5','5','1','lane_middle','4'),('17840821|1',10,'2','5','2','lane_right','4'),('17840821|1',12,'5','5','1','lane_middle','4'),('17840822|1',6,'5','5','1','lane_right','5'),('17840822|1',10,'2','5','2','lane_right','4'),('17840822|1',12,'5','5','1','lane_middle','4'),('17840823|1',6,'5','5','1','lane_right','5'),('17840823|1',10,'2','5','2','lane_right','4'),('17840823|1',12,'5','5','1','lane_middle','4'),('17840824|1',6,'5','5','1','lane_right','5'),('17840824|1',10,'2','5','2','lane_right','4'),('17840824|1',12,'5','5','1','lane_middle','4'),('17840825|1',6,'5','5','1','lane_right','5'),('17840825|1',10,'2','5','2','lane_right','4'),('17840825|1',12,'5','5','1','lane_middle','4'),('17840826|1',6,'5','5','1','lane_right','5'),('17840826|1',10,'2','5','2','lane_right','4'),('17840826|1',12,'5','5','1','lane_middle','4'),('17840827|1',6,'5','5','1','lane_right','5'),('17840827|1',10,'2','5','2','lane_right','4'),('17840827|1',12,'5','5','1','lane_middle','4'),('17840828|1',6,'5','5','1','lane_right','5'),('17840828|1',10,'2','5','2','lane_right','4'),('17840828|1',12,'5','5','1','lane_middle','5'),('17840829|1',6,'5','5','1','lane_right','5'),('17840829|1',10,'2','5','2','lane_right','4'),('17840829|1',12,'4','5','1','lane_middle','5'),('17840830|1',6,'5','5','1','lane_right','5'),('17840830|1',10,'2','5','2','lane_right','4'),('17840830|1',12,'4','5','1','lane_middle','5'),('17840831|1',6,'5','5','1','lane_right','5'),('17840831|1',10,'2','5','2','lane_right','4'),('17840831|1',12,'4','5','1','lane_middle','5'),('17840832|1',6,'5','5','1','lane_right','5'),('17840832|1',10,'2','5','2','lane_right','4'),('17840832|1',12,'4','5','1','lane_middle','5'),('17840833|1',6,'5','5','1','lane_right','5'),('17840833|1',10,'2','5','2','lane_right','4'),('17840833|1',12,'4','5','1','lane_middle','5'),('17840834|1',6,'4','5','1','lane_right','5'),('17840834|1',10,'2','5','2','lane_right','4'),('17840834|1',12,'4','5','1','lane_middle','5'),('17840835|1',6,'4','5','1','lane_right','5'),('17840835|1',10,'2','5','2','lane_right','4'),('17840835|1',12,'4','5','1','lane_middle','5'),('17840836|1',6,'4','5','1','lane_right','5'),('17840836|1',10,'2','5','2','lane_right','4'),('17840836|1',12,'4','5','1','lane_middle','5'),('17840837|1',6,'4','5','1','lane_right','5'),('17840837|1',10,'2','5','2','lane_right','4'),('17840837|1',12,'4','5','1','lane_middle','5'),('17840838|1',6,'4','5','1','lane_right','5'),('17840838|1',10,'2','5','2','lane_right','3'),('17840838|1',12,'4','5','1','lane_middle','5'),('17840839|1',6,'4','5','1','lane_right','5'),('17840839|1',10,'2','5','2','lane_right','3'),('17840839|1',12,'4','5','1','lane_middle','5'),('17840840|1',6,'4','5','1','lane_right','5'),('17840840|1',10,'3','5','2','lane_right','3'),('17840840|1',12,'3','5','1','lane_middle','5'),('17840841|1',6,'4','5','1','lane_right','5'),('17840841|1',10,'3','5','2','lane_right','3'),('17840841|1',12,'3','5','2','lane_middle','5'),('17840842|1',6,'3','5','1','lane_right','5'),('17840842|1',10,'3','5','2','lane_right','3'),('17840842|1',12,'3','5','2','lane_middle','5'),('17840843|1',6,'4','5','1','lane_right','5'),('17840843|1',10,'3','5','2','lane_right','3'),('17840843|1',12,'3','5','2','lane_middle','5'),('17840844|1',6,'3','5','1','lane_right','5'),('17840844|1',10,'3','5','2','lane_right','3'),('17840844|1',12,'3','5','2','lane_middle','5'),('17840845|1',6,'3','5','1','lane_right','5'),('17840845|1',10,'3','5','2','lane_right','3'),('17840845|1',12,'3','5','2','lane_middle','5'),('17840846|1',6,'3','5','1','lane_right','5'),('17840846|1',10,'3','5','2','lane_right','3'),('17840846|1',12,'3','5','2','lane_middle','5'),('17840847|1',6,'3','5','1','lane_right','5'),('17840847|1',10,'3','5','2','lane_right','3'),('17840847|1',12,'3','5','2','lane_middle','5'),('17840848|1',6,'3','5','2','lane_right','5'),('17840848|1',10,'3','4','2','lane_right','3'),('17840848|1',12,'3','5','2','lane_middle','5'),('17840849|1',6,'3','5','2','lane_right','5'),('17840849|1',10,'3','4','2','lane_right','3'),('17840849|1',12,'3','5','2','lane_middle','5'),('17840850|1',6,'3','5','2','lane_right','5'),('17840850|1',10,'3','4','2','lane_right','3'),('17840850|1',12,'3','5','2','lane_middle','5'),('17840851|1',6,'3','5','2','lane_right','5'),('17840851|1',10,'3','4','2','lane_right','3'),('17840851|1',12,'3','5','2','lane_middle','5'),('17840852|1',6,'3','5','2','lane_right','5'),('17840852|1',10,'3','4','2','lane_right','3'),('17840852|1',12,'2','5','2','lane_middle','4'),('17840853|1',6,'3','5','2','lane_right','5'),('17840853|1',10,'3','4','2','lane_right','3'),('17840853|1',12,'3','5','2','lane_middle','4'),('17840854|1',6,'3','5','2','lane_right','5'),('17840854|1',10,'3','4','2','lane_right','3'),('17840854|1',12,'2','5','2','lane_middle','4'),('17840855|1',6,'3','5','2','lane_right','5'),('17840855|1',10,'3','4','2','lane_right','3'),('17840855|1',12,'2','5','2','lane_middle','4'),('17840856|1',6,'3','5','2','lane_right','5'),('17840856|1',10,'2','4','2','lane_right','3'),('17840856|1',12,'2','4','2','lane_middle','4'),('17840857|1',6,'3','5','2','lane_right','5'),('17840857|1',10,'2','4','2','lane_right','3'),('17840857|1',12,'2','4','2','lane_middle','4'),('17840858|1',6,'3','5','2','lane_right','5'),('17840858|1',10,'2','4','2','lane_right','3'),('17840858|1',12,'2','4','2','lane_middle','4'),('17840859|1',6,'3','5','2','lane_right','5'),('17840859|1',10,'2','4','2','lane_right','3'),('17840859|1',12,'2','4','2','lane_middle','4'),('17840860|1',6,'3','5','2','lane_right','5'),('17840860|1',10,'3','3','2','lane_right','3'),('17840860|1',12,'2','4','2','lane_middle','4'),('17840861|1',6,'3','5','2','lane_right','5'),('17840861|1',10,'2','3','2','lane_right','3'),('17840861|1',12,'2','4','2','lane_middle','4'),('17840862|1',6,'3','4','2','lane_right','5'),('17840862|1',10,'3','3','2','lane_right','3'),('17840862|1',12,'2','3','2','lane_middle','4'),('17840863|1',6,'3','4','2','lane_right','5'),('17840863|1',10,'2','3','2','lane_right','3'),('17840863|1',12,'2','3','2','lane_middle','4'),('17840864|1',6,'3','4','2','lane_right','5'),('17840864|1',10,'2','3','2','lane_right','3'),('17840864|1',12,'2','3','2','lane_middle','4'),('17840865|1',6,'3','4','2','lane_right','5'),('17840865|1',10,'2','3','2','lane_right','3'),('17840865|1',12,'2','3','2','lane_middle','4'),('17840866|1',6,'3','4','2','lane_right','5'),('17840866|1',10,'2','3','2','lane_right','3'),('17840866|1',12,'2','3','2','lane_middle','4'),('17840867|1',6,'3','4','2','lane_right','5'),('17840867|1',10,'2','3','2','lane_right','3'),('17840867|1',12,'2','3','2','lane_middle','4'),('17840868|1',6,'3','4','2','lane_right','4'),('17840868|1',10,'2','3','2','lane_right','3'),('17840868|1',12,'2','3','2','lane_middle','4'),('17840869|1',6,'3','4','2','lane_right','4'),('17840869|1',10,'2','3','2','lane_right','3'),('17840869|1',12,'2','3','2','lane_middle','4'),('17840870|1',6,'3','4','2','lane_right','4'),('17840870|1',10,'2','3','2','lane_right','4'),('17840870|1',12,'2','3','2','lane_middle','4'),('17840870|1',17,'5','5','1','lane_right','5'),('17840871|1',6,'3','4','2','lane_right','4'),('17840871|1',10,'2','3','2','lane_right','4'),('17840871|1',12,'2','3','2','lane_middle','4'),('17840871|1',17,'5','5','1','lane_right','5'),('17840872|1',6,'3','3','2','lane_right','4'),('17840872|1',10,'2','3','2','lane_right','4'),('17840872|1',12,'2','3','2','lane_middle','4'),('17840872|1',17,'5','5','1','lane_right','5'),('17840873|1',6,'2','3','2','lane_right','4'),('17840873|1',10,'2','3','2','lane_right','4'),('17840873|1',12,'2','3','2','lane_middle','4'),('17840873|1',17,'5','5','1','lane_right','5'),('17840874|1',6,'2','3','2','lane_right','3'),('17840874|1',10,'2','3','2','lane_right','4'),('17840874|1',12,'2','3','2','lane_middle','4'),('17840874|1',17,'5','5','1','lane_right','5'),('17840875|1',6,'2','3','2','lane_right','3'),('17840875|1',10,'2','3','2','lane_right','4'),('17840875|1',12,'2','3','2','lane_middle','4'),('17840875|1',17,'5','5','1','lane_right','5'),('17840876|1',6,'3','2','2','lane_right','3'),('17840876|1',10,'2','3','2','lane_right','4'),('17840876|1',12,'2','3','2','lane_middle','4'),('17840876|1',17,'5','4','1','lane_right','5'),('17840877|1',6,'2','2','2','lane_right','3'),('17840877|1',10,'2','3','2','lane_right','4'),('17840877|1',12,'2','3','2','lane_middle','4'),('17840877|1',17,'5','4','1','lane_right','5'),('17840878|1',6,'3','2','2','lane_right','3'),('17840878|1',10,'2','3','2','lane_right','4'),('17840878|1',12,'2','3','2','lane_middle','4'),('17840878|1',17,'5','4','1','lane_right','5'),('17840879|1',6,'3','2','2','lane_right','2'),('17840879|1',10,'2','3','2','lane_right','4'),('17840879|1',12,'2','3','2','lane_middle','4'),('17840879|1',17,'5','4','1','lane_right','5'),('17840880|1',6,'3','2','2','lane_right','2'),('17840880|1',10,'2','3','2','lane_right','4'),('17840880|1',12,'3','3','2','lane_middle','4'),('17840880|1',17,'5','4','1','lane_right','5'),('17840881|1',6,'3','2','2','lane_right','2'),('17840881|1',10,'2','3','2','lane_right','4'),('17840881|1',12,'2','3','2','lane_middle','4'),('17840881|1',17,'5','4','1','lane_right','5'),('17840882|1',6,'3','1','2','lane_right','2'),('17840882|1',10,'2','3','2','lane_right','4'),('17840882|1',12,'3','3','2','lane_middle','4'),('17840882|1',17,'5','4','1','lane_right','5'),('17840883|1',6,'3','1','2','lane_right','2'),('17840883|1',10,'2','3','2','lane_right','4'),('17840883|1',12,'2','3','2','lane_middle','4'),('17840883|1',17,'5','4','1','lane_right','5'),('17840884|1',6,'3','1','2','lane_right','1'),('17840884|1',10,'2','3','2','lane_right','4'),('17840884|1',12,'3','3','2','lane_middle','4'),('17840884|1',17,'5','4','1','lane_right','5'),('17840885|1',6,'3','1','2','lane_right','1'),('17840885|1',10,'2','3','2','lane_right','4'),('17840885|1',12,'2','3','2','lane_middle','4'),('17840885|1',17,'5','4','1','lane_right','5'),('17840886|1',6,'3','1','2','lane_right','1'),('17840886|1',10,'2','3','2','lane_right','4'),('17840886|1',12,'3','3','2','lane_middle','4'),('17840886|1',17,'5','4','1','lane_right','5'),('17840887|1',6,'3','1','2','lane_right','1'),('17840887|1',10,'2','4','2','lane_right','4'),('17840887|1',12,'3','3','2','lane_middle','3'),('17840887|1',17,'5','4','1','lane_right','5'),('17840888|1',6,'3','1','2','lane_right','1'),('17840888|1',10,'2','4','2','lane_right','4'),('17840888|1',12,'3','2','2','lane_middle','3'),('17840888|1',17,'5','4','1','lane_right','5'),('17840889|1',6,'3','1','2','lane_right','1'),('17840889|1',10,'2','4','2','lane_right','4'),('17840889|1',12,'3','2','2','lane_middle','3'),('17840889|1',17,'5','4','1','lane_right','5'),('17840890|1',6,'3','1','1','lane_right','1'),('17840890|1',10,'2','4','2','lane_right','4'),('17840890|1',12,'3','2','2','lane_middle','3'),('17840890|1',17,'5','4','1','lane_right','5'),('17840891|1',6,'3','1','1','lane_right','1'),('17840891|1',10,'2','4','2','lane_right','4'),('17840891|1',12,'3','2','2','lane_middle','2'),('17840891|1',17,'5','4','1','lane_right','5'),('17840892|1',6,'4','1','1','lane_right','1'),('17840892|1',10,'2','4','2','lane_right','4'),('17840892|1',12,'3','2','2','lane_middle','2'),('17840892|1',17,'5','4','1','lane_right','5'),('17840893|1',6,'4','1','1','lane_right','1'),('17840893|1',10,'2','4','2','lane_right','4'),('17840893|1',12,'3','2','2','lane_middle','2'),('17840893|1',17,'5','4','1','lane_right','5'),('17840894|1',6,'4','1','1','lane_right','1'),('17840894|1',10,'2','4','2','lane_right','4'),('17840894|1',12,'3','1','2','lane_middle','2'),('17840894|1',17,'5','4','1','lane_right','5'),('17840895|1',6,'4','1','1','lane_right','1'),('17840895|1',10,'2','4','2','lane_right','4'),('17840895|1',12,'3','1','2','lane_middle','1'),('17840895|1',17,'5','4','1','lane_right','5'),('17840896|1',6,'4','1','1','lane_right','1'),('17840896|1',10,'2','4','2','lane_right','4'),('17840896|1',12,'3','1','2','lane_middle','1'),('17840896|1',17,'5','4','1','lane_right','5'),('17840897|1',6,'4','1','1','lane_middle','1'),('17840897|1',10,'2','4','2','lane_right','4'),('17840897|1',12,'3','1','2','lane_middle','1'),('17840897|1',17,'5','4','1','lane_right','5'),('17840898|1',6,'4','1','1','lane_right','1'),('17840898|1',10,'2','4','2','lane_right','4'),('17840898|1',12,'3','1','1','lane_middle','1'),('17840898|1',17,'5','4','1','lane_right','5'),('17840899|1',6,'4','1','1','lane_right','1'),('17840899|1',10,'2','4','2','lane_right','4'),('17840899|1',12,'3','1','1','lane_middle','1'),('17840899|1',17,'5','4','1','lane_right','5'),('17840900|1',6,'5','1','1','lane_middle','1'),('17840900|1',10,'2','4','2','lane_right','4'),('17840900|1',12,'4','1','1','lane_middle','1'),('17840900|1',17,'5','4','1','lane_right','5'),('17840901|1',6,'5','1','1','lane_middle','1'),('17840901|1',10,'2','4','2','lane_right','4'),('17840901|1',12,'4','1','1','lane_middle','1'),('17840901|1',17,'5','4','1','lane_right','5'),('17840902|1',6,'5','1','1','lane_middle','1'),('17840902|1',10,'2','4','2','lane_right','4'),('17840902|1',12,'4','1','1','lane_middle','1'),('17840902|1',17,'5','4','1','lane_right','5'),('17840903|1',6,'5','1','1','lane_middle','1'),('17840903|1',10,'2','4','2','lane_right','4'),('17840903|1',12,'4','1','1','lane_middle','1'),('17840903|1',17,'5','4','1','lane_right','5'),('17840904|1',6,'5','1','1','lane_middle','1'),('17840904|1',10,'2','4','2','lane_right','4'),('17840904|1',12,'4','1','1','lane_middle','1'),('17840904|1',17,'5','4','1','lane_right','5');
/*!40000 ALTER TABLE `relation` ENABLE KEYS */;
UNLOCK TABLES;

--
-- Table structure for table `succ_frame`
--

DROP TABLE IF EXISTS `succ_frame`;
/*!40101 SET @saved_cs_client     = @@character_set_client */;
/*!40101 SET character_set_client = utf8 */;
CREATE TABLE `succ_frame` (
  `f_id1` varchar(100) NOT NULL,
  `f_id2` varchar(100) NOT NULL,
  PRIMARY KEY (`f_id1`,`f_id2`),
  KEY `f_id2` (`f_id2`),
  CONSTRAINT `succ_frame_ibfk_1` FOREIGN KEY (`f_id1`) REFERENCES `frames` (`f_id`),
  CONSTRAINT `succ_frame_ibfk_2` FOREIGN KEY (`f_id2`) REFERENCES `frames` (`f_id`)
) ENGINE=InnoDB DEFAULT CHARSET=utf8mb4 COLLATE=utf8mb4_general_ci;
/*!40101 SET character_set_client = @saved_cs_client */;

--
-- Dumping data for table `succ_frame`
--

LOCK TABLES `succ_frame` WRITE;
/*!40000 ALTER TABLE `succ_frame` DISABLE KEYS */;
INSERT INTO `succ_frame` VALUES ('17794829|0','17794831|0'),('17794831|0','17794832|0'),('17794832|0','17794833|0'),('17794833|0','17794834|0'),('17794834|0','17794835|0'),('17794835|0','17794836|0'),('17794836|0','17794837|0'),('17794837|0','17794838|0'),('17794838|0','17794839|0'),('17794839|0','17794840|0'),('17794840|0','17794841|0'),('17794841|0','17794842|0'),('17794842|0','17794843|0'),('17794843|0','17794844|0'),('17794844|0','17794845|0'),('17794845|0','17794846|0'),('17794846|0','17794847|0'),('17794847|0','17794848|0'),('17794848|0','17794849|0'),('17794849|0','17794850|0'),('17794850|0','17794851|0'),('17794851|0','17794852|0'),('17794852|0','17794853|0'),('17794853|0','17794854|0'),('17794854|0','17794855|0'),('17794855|0','17794856|0'),('17794856|0','17794857|0'),('17794857|0','17794858|0'),('17794858|0','17794859|0'),('17794859|0','17794860|0'),('17794860|0','17794861|0'),('17794861|0','17794862|0'),('17794862|0','17794863|0'),('17794863|0','17794864|0'),('17794864|0','17794865|0'),('17794865|0','17794866|0'),('17794866|0','17794867|0'),('17794867|0','17794868|0'),('17794868|0','17794869|0'),('17794869|0','17794870|0'),('17794870|0','17794871|0'),('17794871|0','17794872|0'),('17794872|0','17794873|0'),('17794873|0','17794874|0'),('17794874|0','17794875|0'),('17794875|0','17794876|0'),('17838841|2','17838843|2'),('17838843|2','17838844|2'),('17838844|2','17838845|2'),('17838845|2','17838846|2'),('17838846|2','17838847|2'),('17838847|2','17838848|2'),('17838848|2','17838849|2'),('17838849|2','17838850|2'),('17838850|2','17838851|2'),('17838851|2','17838852|2'),('17838852|2','17838853|2'),('17838853|2','17838854|2'),('17838854|2','17838855|2'),('17838855|2','17838856|2'),('17838856|2','17838857|2'),('17838857|2','17838858|2'),('17838858|2','17838859|2'),('17838859|2','17838860|2'),('17838860|2','17838861|2'),('17838861|2','17838862|2'),('17838862|2','17838863|2'),('17838863|2','17838864|2'),('17838864|2','17838865|2'),('17838865|2','17838866|2'),('17838866|2','17838867|2'),('17838867|2','17838868|2'),('17838868|2','17838869|2'),('17838869|2','17838870|2'),('17838870|2','17838871|2'),('17838871|2','17838872|2'),('17838872|2','17838873|2'),('17838873|2','17838874|2'),('17838874|2','17838875|2'),('17838875|2','17838876|2'),('17838876|2','17838877|2'),('17838877|2','17838878|2'),('17838878|2','17838879|2'),('17838879|2','17838880|2'),('17838880|2','17838881|2'),('17838881|2','17838882|2'),('17838882|2','17838883|2'),('17838883|2','17838884|2'),('17838884|2','17838885|2'),('17838885|2','17838886|2'),('17838886|2','17838887|2'),('17838887|2','17838888|2'),('17838888|2','17838889|2'),('17838889|2','17838890|2'),('17838890|2','17838891|2'),('17838891|2','17838892|2'),('17838892|2','17838893|2'),('17838893|2','17838894|2'),('17838894|2','17838895|2'),('17838895|2','17838896|2'),('17838896|2','17838897|2'),('17838897|2','17838898|2'),('17838898|2','17838899|2'),('17838899|2','17838900|2'),('17838900|2','17838901|2'),('17838901|2','17838902|2'),('17838902|2','17838903|2'),('17838903|2','17838904|2'),('17838904|2','17838905|2'),('17838905|2','17838906|2'),('17838906|2','17838907|2'),('17838907|2','17838908|2'),('17838908|2','17838909|2'),('17838909|2','17838910|2'),('17838910|2','17838911|2'),('17838911|2','17838912|2'),('17838912|2','17838913|2'),('17838913|2','17838914|2'),('17838914|2','17838915|2'),('17838915|2','17838916|2'),('17838916|2','17838917|2'),('17838917|2','17838918|2'),('17838918|2','17838919|2'),('17838919|2','17838920|2'),('17838920|2','17838921|2'),('17838921|2','17838922|2'),('17838922|2','17838923|2'),('17838923|2','17838924|2'),('17838924|2','17838925|2'),('17838925|2','17838926|2'),('17838926|2','17838927|2'),('17838927|2','17838928|2'),('17838928|2','17838929|2'),('17838929|2','17838930|2'),('17838930|2','17838931|2'),('17838931|2','17838932|2'),('17838932|2','17838933|2'),('17838933|2','17838934|2'),('17838934|2','17838935|2'),('17838935|2','17838936|2'),('17838936|2','17838937|2'),('17838937|2','17838938|2'),('17838938|2','17838939|2'),('17838939|2','17838940|2'),('17838940|2','17838941|2'),('17838941|2','17838942|2'),('17838942|2','17838943|2'),('17840802|1','17840804|1'),('17840804|1','17840805|1'),('17840805|1','17840806|1'),('17840806|1','17840807|1'),('17840807|1','17840808|1'),('17840808|1','17840809|1'),('17840809|1','17840810|1'),('17840810|1','17840811|1'),('17840811|1','17840812|1'),('17840812|1','17840813|1'),('17840813|1','17840814|1'),('17840814|1','17840815|1'),('17840815|1','17840816|1'),('17840816|1','17840817|1'),('17840817|1','17840818|1'),('17840818|1','17840819|1'),('17840819|1','17840820|1'),('17840820|1','17840821|1'),('17840821|1','17840822|1'),('17840822|1','17840823|1'),('17840823|1','17840824|1'),('17840824|1','17840825|1'),('17840825|1','17840826|1'),('17840826|1','17840827|1'),('17840827|1','17840828|1'),('17840828|1','17840829|1'),('17840829|1','17840830|1'),('17840830|1','17840831|1'),('17840831|1','17840832|1'),('17840832|1','17840833|1'),('17840833|1','17840834|1'),('17840834|1','17840835|1'),('17840835|1','17840836|1'),('17840836|1','17840837|1'),('17840837|1','17840838|1'),('17840838|1','17840839|1'),('17840839|1','17840840|1'),('17840840|1','17840841|1'),('17840841|1','17840842|1'),('17840842|1','17840843|1'),('17840843|1','17840844|1'),('17840844|1','17840845|1'),('17840845|1','17840846|1'),('17840846|1','17840847|1'),('17840847|1','17840848|1'),('17840848|1','17840849|1'),('17840849|1','17840850|1'),('17840850|1','17840851|1'),('17840851|1','17840852|1'),('17840852|1','17840853|1'),('17840853|1','17840854|1'),('17840854|1','17840855|1'),('17840855|1','17840856|1'),('17840856|1','17840857|1'),('17840857|1','17840858|1'),('17840858|1','17840859|1'),('17840859|1','17840860|1'),('17840860|1','17840861|1'),('17840861|1','17840862|1'),('17840862|1','17840863|1'),('17840863|1','17840864|1'),('17840864|1','17840865|1'),('17840865|1','17840866|1'),('17840866|1','17840867|1'),('17840867|1','17840868|1'),('17840868|1','17840869|1'),('17840869|1','17840870|1'),('17840870|1','17840871|1'),('17840871|1','17840872|1'),('17840872|1','17840873|1'),('17840873|1','17840874|1'),('17840874|1','17840875|1'),('17840875|1','17840876|1'),('17840876|1','17840877|1'),('17840877|1','17840878|1'),('17840878|1','17840879|1'),('17840879|1','17840880|1'),('17840880|1','17840881|1'),('17840881|1','17840882|1'),('17840882|1','17840883|1'),('17840883|1','17840884|1'),('17840884|1','17840885|1'),('17840885|1','17840886|1'),('17840886|1','17840887|1'),('17840887|1','17840888|1'),('17840888|1','17840889|1'),('17840889|1','17840890|1'),('17840890|1','17840891|1'),('17840891|1','17840892|1'),('17840892|1','17840893|1'),('17840893|1','17840894|1'),('17840894|1','17840895|1'),('17840895|1','17840896|1'),('17840896|1','17840897|1'),('17840897|1','17840898|1'),('17840898|1','17840899|1'),('17840899|1','17840900|1'),('17840900|1','17840901|1'),('17840901|1','17840902|1'),('17840902|1','17840903|1'),('17840903|1','17840904|1');
/*!40000 ALTER TABLE `succ_frame` ENABLE KEYS */;
UNLOCK TABLES;
/*!40103 SET TIME_ZONE=@OLD_TIME_ZONE */;

/*!40101 SET SQL_MODE=@OLD_SQL_MODE */;
/*!40014 SET FOREIGN_KEY_CHECKS=@OLD_FOREIGN_KEY_CHECKS */;
/*!40014 SET UNIQUE_CHECKS=@OLD_UNIQUE_CHECKS */;
/*!40101 SET CHARACTER_SET_CLIENT=@OLD_CHARACTER_SET_CLIENT */;
/*!40101 SET CHARACTER_SET_RESULTS=@OLD_CHARACTER_SET_RESULTS */;
/*!40101 SET COLLATION_CONNECTION=@OLD_COLLATION_CONNECTION */;
/*!40111 SET SQL_NOTES=@OLD_SQL_NOTES */;

-- Dump completed on 2023-09-28 18:44:49
